"id","author"
0,"Yu Li"
1,"Laura Pollacci"
2,"Ho Tong Minh Dinh"
3,"Xin Wang 0037"
4,"Yoshiaki Bando"
5,"Rong Gu"
6,"Lars Petersson"
7,"Bin Sun"
8,"Nan Li"
9,"Li Zhang"
10,"Timotheus Kampik"
11,"Christopher Iliffe Sprague"
12,"Andreas Nautsch"
13,"Yuqi Zhang"
14,"Ren Xu"
15,"Janne Riihijärvi"
16,"Dirk Trossen"
17,"Andreas Geiger 0001"
18,"Berthold Reinwald"
19,"Gerhard P. Fettweis"
20,"Han Xu"
21,"Karl Bringmann"
22,"Gerard de Melo"
23,"Philip Lenz"
24,"Mathias Weske"
25,"Tobias Hinz"
26,"Subhabrata Mukherjee"
27,"Philip Häusser"
28,"Georg Sigl"
29,"Qin Dai"
30,"Basil Kraft"
31,"Christoph Busch 0001"
32,"Katrin Kirchhoff"
33,"Stefan Wermter"
34,"Hannes Schulz"
35,"Tobias Plötz"
36,"Wolfram Ehnert"
37,"Johannes Stegmaier"
38,"Ribana Roscher"
39,"Alberto Moreira"
40,"Til Aach"
41,"Marina Petrova"
42,"Jürgen Fischer"
43,"Michael Ying Yang"
44,"Ulf Schlichtmann"
45,"Daniela Pöhn"
46,"Ramon Ferrer-i-Cancho"
47,"Xavier Bosch-Lluis"
48,"Giuseppe Centolanza"
49,"Daniel Pascual"
50,"Juan Fernando Marchan-Hernandez"
51,"Nereida Rodriguez-Alvarez"
52,"Andrea Jiménez"
53,"Isaac Ramos-Pérez"
54,"Manal M. Alhammad"
55,"Borja Balle"
56,"Alberto Abad"
57,"Jorge Querol"
58,"Maria Piles"
59,"Daniel Monells"
60,"Ernesto Jiménez-Ruiz"
61,"Adriano Camps"
62,"Chen Change Loy"
63,"Fabio Ciravegna"
64,"Ali Abdallah"
65,"Junyu Dong"
66,"Pushmeet Kohli"
67,"Richard Mayne"
68,"Ben Hutchinson"
69,"Yi Zhou 0007"
70,"Graham McNeill"
71,"Haris Aziz 0001"
72,"Sooji Han"
73,"Gabriele Pergola"
74,"Nicoló Fusi"
75,"Sultan Alanazi"
76,"Scott A. Hale"
77,"Ling Shao 0001"
78,"Ran Wei"
79,"Hao Zeng"
80,"Xingyi Song"
81,"Mykel J. Kochenderfer"
82,"Chen Gu"
83,"Yuanwei Liu"
84,"Jan-Georg Smaus"
85,"Cyril Joly"
86,"Martin Monperrus"
87,"Francis Rousseaux"
88,"Shreyas Saxena"
89,"André Eberhard"
90,"Brij Mohan Lal Srivastava"
91,"Khizar Hayat 0002"
92,"Yangming Zhou"
93,"Adeel Malik"
94,"Hanen Bouhadda"
95,"François Dross"
96,"Natalia A. Tomashenko"
97,"Matthieu Hog"
98,"Mengchuan Zou"
99,"Marc Chaumont"
100,"Paul Riot"
101,"Thierry Michel"
102,"Pascal Combes"
103,"Tesnim Naceur"
104,"Dilshad Surroop"
105,"Dominique Attali"
106,"Mohammed Amer"
107,"Amedeo Napoli"
108,"Zofia Trstanova"
109,"Romain Couillet"
110,"Andrés Almansa"
111,"Valentin Iovene"
112,"Hector Zenil"
113,"Demian Wassermann"
114,"Benoît Favre"
115,"Anne Morvan"
116,"Ahmad Bazzi"
117,"Marco Lavalle"
118,"Matthieu Boutier"
119,"Quentin Le Gall"
120,"Louis Thiry"
121,"Frédéric Payan"
122,"Juan-Manuel Pérez-Rúa"
123,"Mathieu Fontaine 0002"
124,"Aditya Arie Nugraha"
125,"Ayoub Hajlaoui"
126,"Michelle Valente"
127,"Marlon Dumas"
128,"Gui-Song Xia"
129,"Cédric Gouy-Pailler"
130,"Ji Liu 0003"
131,"Minh-Tan Pham"
132,"Pierrick Legrand"
133,"Przemyslaw Uznanski"
134,"Yoann Altmann"
135,"Malik Tiomoko"
136,"Zihao Wang"
137,"Slim Essid"
138,"Matthieu Gallet"
139,"Nicolas Lachiche"
140,"Ahmet Iscen"
141,"Nikola Besic"
142,"Vincent Vigneron"
143,"Pierre Gaillard"
144,"Léonard Blier"
145,"Xuan Zhu"
146,"Antoine Ghaleb"
147,"Frédéric Pennerath"
148,"Aditya Gahlawat"
149,"Emmanuel Vincent 0001"
150,"Btissam Er Rahmadi"
151,"Jose Patino 0001"
152,"Gabriel Kerneis"
153,"Tong Wang"
154,"Laurent Charlin"
155,"Ran El-Yaniv"
156,"Ruslan Salakhutdinov"
157,"Charles J. Colbourn"
158,"Shiva Nejati"
159,"Spencer Frei"
160,"Mikael Henaff"
161,"Cynthia Dwork"
162,"Zhiwei (Tony) Qin"
163,"Xinyu Zhang"
164,"Franziska Roesner"
165,"Yizhou Zhang"
166,"Yang Zhang"
167,"Yun Kuen Cheung"
168,"Ariyam Das"
169,"Manas Joglekar"
170,"David A. Basin"
171,"Arjun Guha"
172,"Yang Xu"
173,"Bryan Pardo"
174,"Jean-Baptiste Jeannin"
175,"Benjamin Plaut"
176,"Junfeng Yang"
177,"Joseph Noor"
178,"Tong Zhang 0001"
179,"Lilian de Greef"
180,"Colin White"
181,"Semih Salihoglu"
182,"Yuandong Tian"
183,"Georgios Piliouras"
184,"Yejin Choi"
185,"Wen Zheng"
186,"Maja Rudolph"
187,"Zhiting Hu"
188,"Yi Li 0002"
189,"Xin Zhang"
190,"Bin Li"
191,"Wei Wei"
192,"Lin Yang 0011"
193,"Andrey Kolobov"
194,"Willie Neiswanger"
195,"Hannah Rashkin"
196,"Jacob Whitehill"
197,"Stefan Roth 0001"
198,"Xi Chen"
199,"Amanda Swearngin"
200,"Van Nguyen"
201,"Ryan Gabrys"
202,"Anthony Kim"
203,"Lorenzo Alvisi"
204,"Yang Liu"
205,"Jiajin Li"
206,"Nikhil Shetty"
207,"Piotr Indyk"
208,"Devendra Singh Chaplot"
209,"Wei-Sheng Lai"
210,"Geoffrey Irving"
211,"Feng Gao"
212,"Jian Wang"
213,"Ashwin Machanavajjhala"
214,"Praveen Venkateswaran"
215,"Kai Wang"
216,"Yu Yang"
217,"Xiaoyi Zhang 0006"
218,"Christoph Dann"
219,"Wei Gao"
220,"Jeong-Hyon Hwang"
221,"Qi Shan"
222,"Olgica Milenkovic"
223,"Yen-Huan Li"
224,"Igor Zablotchi"
225,"Chi Thang Duong"
226,"Vincent Lenders"
227,"Flávio Joaquim de Souza"
228,"Franck Dernoncourt"
229,"Dahua Lin"
230,"Ji Young Lee 0001"
231,"Jacob Eisenstein"
232,"Yonina C. Eldar"
233,"Dandan Li"
234,"Carl Vondrick"
235,"Prahladh Harsha"
236,"Arturs Backurs"
237,"Aaron Sidford"
238,"Fernando Pinho Marson"
239,"Eliandro Rodrigues Cirilo"
240,"Carlos R. Padovani"
241,"Jon M. Kleinberg"
242,"Hui Li 0022"
243,"Victor M. Preciado"
244,"Rodolfo Ipolito Meneguette"
245,"Peter M. Asbeck"
246,"Shi Qiu"
247,"Chengtao Li"
248,"Mengdi Wang"
249,"Luciano Vieira Dutra"
250,"Joel T. Johnson"
251,"Maria Luiza F. Velloso"
252,"Nathan Srebro"
253,"J. Nicholas Laneman"
254,"Steven I. Marcus"
255,"Kai Zhu"
256,"Ari Pouttu"
257,"Pan Zhou"
258,"Vishal M. Patel"
259,"Maarten Löffler"
260,"Hao Li"
261,"Jingjing Zheng"
262,"Christos N. Mavridis"
263,"Jia Li"
264,"Xu Zhou"
265,"Zhongwei Si"
266,"Radu Ciprian Bilcu"
267,"Huan Sun"
268,"Changlin Chen"
269,"Yingying Xu"
270,"Andrew Lensen"
271,"Yu Tian"
272,"Maria Vanina Martinez"
273,"Yuan Li"
274,"Miao Zhang"
275,"Martin Jaggi"
276,"Huan Xu"
277,"Cheng Lu"
278,"Sastry Kompella"
279,"Cheng-Yang Fu"
280,"Gong Zhang"
281,"Keval Doshi"
282,"Virendra Kumar"
283,"Qingyang Li"
284,"Swaroop Venkatesh"
285,"Ming Xiao 0001"
286,"Jingya Li"
287,"Rongrong Wang"
288,"Gowri Sankar Ramachandran"
289,"Danilo Comminiello"
290,"Yunus Emre Esin"
291,"Sheng Yang"
292,"R. Michael Buehrer"
293,"Iqbal Hussain"
294,"Nasrullah Sheikh"
295,"Anh Nguyen"
296,"Tharaka Samarasinghe"
297,"Saurabh Gupta 0001"
298,"Mario Coutino"
299,"Guy Van den Broeck"
300,"Xiran Zhou"
301,"Qifeng Lu"
302,"Thomas Eriksson"
303,"Xin Wang"
304,"Matti Latva-aho"
305,"Doha Hamza"
306,"Sebastian U. Stich"
307,"Jing Yao"
308,"Suayb S. Arslan"
309,"Alexander G. Schwing"
310,"Frank Staals"
311,"Hong Zheng"
312,"Stefano Serva"
313,"Elias Bareinboim"
314,"Hongyi Wang"
315,"Manuel Bertoluzza"
316,"Zhu Han 0001"
317,"Jie Gao"
318,"Chelsea Finn"
319,"Wei Zheng"
320,"Naif Alajlan"
321,"Ganesh Venkatesh"
322,"Kashif Ahmad"
323,"Guillermo Garcia"
324,"Wannes Meert"
325,"Boyang Wang"
326,"Jian Liang"
327,"Omur Ozel"
328,"Yijun He"
329,"Daniel Jönsson"
330,"Qiang Liu 0001"
331,"Lun Wang"
332,"Hossein Esfandiari"
333,"Saeed Alaei"
334,"Yu Peng"
335,"Bing Xue 0001"
336,"Markus Marks"
337,"Andreas Loukas"
338,"Tian Lan"
339,"Kyunghyun Cho"
340,"Thomas Moranduzzo"
341,"Yan Wang"
342,"Rotem Liss"
343,"Avinatan Hassidim"
344,"Ohad Shamir"
345,"Elad Romanov"
346,"Anil Kumar"
347,"Ying Yang"
348,"Marcin Bienkowski"
349,"Martin Jung"
350,"Olaf Bergmann"
351,"Bodo Rosenhahn"
352,"Justin Bayer"
353,"Wolfgang Hommel"
354,"Rainer Böhme"
355,"Marius Kloft"
356,"Matthias Mühlich"
357,"Tanja Zseby"
358,"Dino Pedreschi"
359,"Neus Sabater"
360,"Ian Horrocks 0001"
361,"Ioannis Kompatsiaris"
362,"Xiangnan He 0001"
363,"James McDermott"
364,"Raymond H. Chan"
365,"Holger Rauhut"
366,"Daniel Cremers"
367,"Peter Tiño"
368,"Jeffrey P. Bigham"
369,"Hong Cheng 0001"
370,"Marcos K. Aguilera"
371,"Alejandro A. Vaisman"
372,"Maxime Crochemore"
373,"Zhen Zhang"
374,"Meng Wang 0001"
375,"Hua Li"
376,"Alberto Del Bimbo"
377,"Stefano Ferretti"
378,"Gabriele D'Angelo"
379,"Yong Li 0008"
380,"Peter Han Joo Chong"
381,"Karim Abed-Meraim"
382,"Sajal K. Das 0001"
383,"Ke Yi 0001"
384,"Zhiyi Huang 0002"
385,"Bettina Speckmann"
386,"Vahab S. Mirrokni"
387,"Ming Li"
388,"Wojciech Rytter"
389,"Rachid Guerraoui"
390,"Marek Chrobak"
391,"Pinyan Lu"
392,"Tal Mor"
393,"Michael Langberg"
394,"David Z. Pan"
395,"Marc J. van Kreveld"
396,"David F. Manlove"
397,"Chih-Wei Yi"
398,"Abhradeep Thakurta"
399,"Yinyu Ye 0001"
400,"Bei Yu 0001"
401,"Asaf Levin"
402,"Grigorios Tsoumakas"
403,"Ajith Abraham"
404,"Pavel Brazdil"
405,"Qiping Zhang"
406,"Andrew Adamatzky"
407,"Warren E. Dixon"
408,"Inderjit S. Dhillon"
409,"Jorge Cortés 0001"
410,"Jerzy Gorecki"
411,"Seth Lloyd"
412,"Vincenzo Carbone"
413,"Hanno Ackermann"
414,"Chunhua Shen"
415,"Allen R. Tannenbaum"
416,"Jiaya Jia"
417,"Bohyung Han"
418,"Ali Farhadi"
419,"Manfred Glesner"
420,"Jun Kong"
421,"Yan Zhang"
422,"Christopher Ruf"
423,"Björn Waske"
424,"Bart Kuijpers"
425,"Andreas Colliander"
426,"Bertrand Chapron"
427,"Wei Hu"
428,"Lei Shi"
429,"Yan Liu 0002"
430,"Martti Hallikainen"
431,"Jiang Wu"
432,"Mahta Moghaddam"
433,"Jiaguo Qi"
434,"Yuguang Fang"
435,"Hanif D. Sherali"
436,"Vipin Kumar 0001"
437,"Qing Chen"
438,"Jordi Vallverdú"
439,"Jerome P. Reiter"
440,"Paul D. Yoo"
441,"Jose M. Carmena"
442,"Peter Mell"
443,"John H. L. Hansen"
444,"Marco Pavone 0001"
445,"Karl Henrik Johansson"
446,"Yutaka Yamamoto"
447,"Miroslav Krstic"
448,"Thomas B. Schön"
449,"Robert Bregovic"
450,"Shuliang Wang"
451,"Davide Brunelli"
452,"Deniz Erdogmus"
453,"Michael S. Steinbach"
454,"Jieping Ye"
455,"Xiang Zhang"
456,"Yu Hong"
457,"Anthony T. S. Ho"
458,"Michael G. Strintzis"
459,"Yannis Avrithis"
460,"Dimitrios Tzovaras"
461,"Bhaskar Krishnamachari"
462,"Micha Sharir"
463,"Jinho Lee"
464,"Azzedine Boukerche"
465,"Nalini Venkatasubramanian"
466,"Prasun Sinha"
467,"William W. Cohen"
468,"Alan Burns 0001"
469,"Eric P. Xing"
470,"Sampath Kannan"
471,"Mohan Kumar"
472,"Karl Aberer"
473,"Haim Kaplan"
474,"Bo Chen"
475,"Jeffrey O. Shallit"
476,"Michael O'Neill 0001"
477,"Victor C. M. Leung"
478,"Nadeem Akhtar"
479,"Ananth Kalyanaraman"
480,"Patrick van der Smagt"
481,"Xuelong Li 0001"
482,"Marek Zukowski"
483,"Alessandro Orso"
484,"Suman Banerjee"
485,"Hao Wang"
486,"Éric Gaussier"
487,"Tong Zhang"
488,"Walter Daelemans"
489,"Evangelos E. Papalexakis"
490,"Yulan He 0001"
491,"Tina Eliassi-Rad"
492,"Petko Bogdanov"
493,"Nicholas W. D. Evans"
494,"Junichi Yamagishi"
495,"Jean-François Bonastre"
496,"Victor Paúl Pauca"
497,"Zhongming Zhao"
498,"Bhuwan Dhingra"
499,"Zunjian Bian"
500,"Jorge Toro-Pozo"
501,"Hung H. Bui"
502,"Muhammad Awais Javed"
503,"Trung Bui"
504,"Bryan V. Riel"
505,"Michael Muehl"
506,"Yichun Yin"
507,"Tobias Pohlen"
508,"Xin-Chun Li"
509,"Keenon Werling"
510,"Jayantrao Mohite"
511,"Qingwang Liu"
512,"Taibao Yang"
513,"Yuma Kinoshita"
514,"Huayue Li"
515,"Maria Papadomanolaki"
516,"Yunhe Gu"
517,"Jishuai Zhu"
518,"Zhiguo Meng"
519,"Linqing Zhu"
520,"Chengzhi Mao"
521,"Jinsong Ping"
522,"Alberto Zurita"
523,"Tongwen Li"
524,"Fang-Cheng Zhou"
525,"Giulia Tessari"
526,"Bochen Zhang"
527,"Jinnian Tang"
528,"Shufang Tian"
529,"Xionzhen Xiong"
530,"Gianluigi Di Cosimo"
531,"Shanning Bao"
532,"Sabatino Buonanno"
533,"Unmesh Khati"
534,"Mihretab G. Ghebrezgabher"
535,"Zhixing Peng"
536,"Jiwen An"
537,"Wan Wu"
538,"Paulo Jorge S. G. Ferreira"
539,"Michael C. Fu 0001"
540,"Yikai Yan"
541,"Achille Thin"
542,"Zachary Izzo"
543,"Dongxian Wu"
544,"Brett Bunde"
545,"Lisbeth Danyeli Delgado Ordoñez"
546,"John H. Castillo"
547,"Christopher Fillmore"
548,"Alexander Holguín-Villa"
549,"Zhiguang Cao"
550,"Ziyu Yao"
551,"Zhize Li"
552,"Yanni Zhang"
553,"Benoit Vandame"
554,"Abdullatif Al-Rabah"
555,"Clement Magnant"
556,"Bing Ji"
557,"Berksan Serbetci"
558,"Jiachen Wang"
559,"Tamir Bendory"
560,"Samantha P. Sherrill"
561,"Panpan Zou"
562,"D. Goglia"
563,"Fan-Ming Luo"
564,"Christian X. Robert"
565,"Yazid Janati El Idrissi"
566,"Peter Balazs"
567,"Takashi Miyazaki"
568,"Dario Farina"
569,"Xiaohu Ge"
570,"Geng Chen 0001"
571,"Michael Muma"
572,"David Luengo"
573,"Ya-Qiu Jin"
574,"Peng Shen"
575,"Massimo Bariani"
576,"Xin Liu 0079"
577,"Mark Herbster"
578,"Mark Wallace 0004"
579,"Hichem Maaref"
580,"Nathan F. Lepora"
581,"Nikolaos M. Missirlis"
582,"Niclas Sandgren"
583,"Guangdong Pan"
584,"Qinghui Li"
585,"Mike Schwank"
586,"Pekka Voipio"
587,"Markus Holopainen"
588,"Chenhong Sun"
589,"Jay Christensen"
590,"Brandon J. Russell"
591,"Guoxiong Zheng"
592,"Luis E. Fernandez"
593,"Damian Bargiel"
594,"Gohar Ghazaryan"
595,"Adam S. Kibel"
596,"Patrick Danielson"
597,"Md. Shahinoor Rahman"
598,"Isaac D. Gerg"
599,"Joaquim Bellvert"
600,"Meha Jain"
601,"Haodi Mei"
602,"Mingjie Shao"
603,"Lisa Yu"
604,"Chunle Guo"
605,"Mengmeng Xu"
606,"Ricardo J. Araújo"
607,"Jinyun Guo"
608,"Riccardo Zanol"
609,"An-Hung Hsiao"
610,"Melih Elibol"
611,"Jared Willard"
612,"Nick Fischer"
613,"Ana Moreno"
614,"Zhengchao Wan"
615,"Xingchao Liu"
616,"Mingcong Liu"
617,"Safak Ozturk"
618,"Xiangchao Meng"
619,"Hamid Eghbal-zadeh"
620,"Qirui Li"
621,"Nobuyoshi Imura"
622,"Manal Elarab"
623,"Michel Boyer"
624,"Prakash P. Shenoy"
625,"Maung Sann Maw"
626,"Alexander Marshak"
627,"Samrat Mondal"
628,"Shirin Jalali"
629,"Sandra Mingot"
630,"Yanhui Xie"
631,"Jun Zhou"
632,"Yannis Panagakis"
633,"Jia Yin"
634,"Bohan Wang"
635,"Thomas Frerix"
636,"Xiaotian Sun"
637,"Alexander Mordvintsev"
638,"Peng Gao 0007"
639,"Przemyslaw Pawelczak"
640,"Jan van Aardt"
641,"Seisuke Kyochi"
642,"Akihiro Hirano"
643,"N. Mallikharjuna Rao"
644,"Christopher Robert Anderson"
645,"Janusz A. Starzyk"
646,"Sylvain Le Corff"
647,"Emanuel Peres"
648,"Jian Jiao 0001"
649,"Nobuhiko Hata"
650,"Partha Sarathi Mandal 0001"
651,"Mingliang Gao 0002"
652,"Shun Yao"
653,"Hamid Norouzi"
654,"Peter A. Beerel"
655,"Mingming Zhang"
656,"Nicole de Beaucoudrey"
657,"Xue Zhang"
658,"Shiann-Tsong Sheu"
659,"Pablo Perez-Tirador"
660,"Carmen Cabezaolias"
661,"Danilo Pezzi"
662,"Pablo Carnero"
663,"Ivan Smirnov"
664,"Patrick S. Schnable"
665,"Dongdong Chen 0001"
666,"Jie Chen 0009"
667,"Yongxiang Liu"
668,"Xiaoning Wang"
669,"Xiao Fan"
670,"Rui Yang"
671,"Tatsuya Kawahara"
672,"Stéphane Ayache"
673,"Mirco Boschetti"
674,"Chihao Zhang 0001"
675,"Marian Verhelst"
676,"Debiao Li"
677,"Richard Kronland-Martinet"
678,"M. Ángeles Serrano"
679,"Florian Dörfler"
680,"Zhuowei Hu"
681,"Tom Cooper"
682,"Jie Chen 0002"
683,"Johann Knechtel"
684,"Jianzhong Wang"
685,"Xiaomin Luo"
686,"Aamir Ishaque"
687,"Corneliu Rusu"
688,"Toshiya Itoh"
689,"Murong Jiang"
690,"Camilla Brekke"
691,"Deyong Hu"
692,"Bahattin Yildiz"
693,"Ryoichi Ando"
694,"Ryuhei Funada"
695,"Ciriaco Andrea D'Angelo"
696,"Joaquin Mulas"
697,"Jean-Claude Souyris"
698,"Yangfeng Ji"
699,"Zonghu Wang"
700,"Matthias Hoffman"
701,"Yukio-Pegio Gunji"
702,"Peter W. Gaiser"
703,"Xianghao Yu"
704,"Natalia V. Rivera"
705,"Xiaorui Wu"
706,"Taehyung Kwon"
707,"Trevor Campbell"
708,"Yujia Chen"
709,"Abidin Kaya"
710,"Tim Kreutz"
711,"Seohyun Kim"
712,"Florian Kluger"
713,"Luís Pádua"
714,"Mingchen Li"
715,"Kenta Iida"
716,"Hongyin Tang"
717,"Bhavik Vachhani"
718,"José M. Bioucas-Dias"
719,"Evgeny M. Mirkes"
720,"Hrishikesh Kulkarni"
721,"Lingyu Zhang"
722,"Shuwen Li"
723,"Anthony Luscombe"
724,"Junjie Wu 0001"
725,"Sana Ullah"
726,"Jonathan F. Huntington"
727,"Xiaoyan Yang"
728,"Murat Kunt"
729,"Wei Wang"
730,"Difei Tang"
731,"Robert W. Stewart"
732,"Yue Deng 0004"
733,"Michele Nappi"
734,"Ling Qiu"
735,"Yaoyu Zhang"
736,"Giuseppe Vilardo"
737,"Giovanna Berrino"
738,"Alexandr Kandaurov"
739,"Carlo Del Gaudio"
740,"Jean-Philippe Malet"
741,"Prospero De Martino"
742,"Ankit Jamod"
743,"Marina Shuvaeva"
744,"Zhangli Sun"
745,"Yujun Lin 0001"
746,"David Bibby"
747,"Svein Lokas"
748,"Penelope Kourkouli"
749,"Ciro Ricco"
750,"Jan F. McGarry"
751,"Le Wu"
752,"Antonia Gambacorta"
753,"Guerric le Maire"
754,"Dmitry Trofimov"
755,"Ya Liu"
756,"Sven Borgstrom"
757,"Yunling Lou"
758,"Giovanni Chiodini"
759,"Fabio Sansivero"
760,"V. Deepika Rani Gopu"
761,"Songcai You"
762,"Ida Aquino"
763,"Haonan Chen"
764,"Olena Dubovyk"
765,"Andrea Antonioli"
766,"Zhongyu Li"
767,"Alia Hamadi"
768,"Jérôme Maxant"
769,"Yunfeng Shao"
770,"Zebin Wu 0001"
771,"Kenneth N. Macpherson"
772,"Daniil Sergeev"
773,"John Scherrer"
774,"Claire Tinel"
775,"Essam Othman"
776,"Shixiang Shane Gu"
777,"Xiaoxiang Yuan"
778,"Fernando Vicente"
779,"Hanye Pu"
780,"Carlo Terranova"
781,"German Baidakov"
782,"Valeria Siniscalchi"
783,"Yann Nouvellon"
784,"Randall Rose"
785,"Stefano Caliro"
786,"Rosario Avino"
787,"Yuanchen Wang"
788,"Yuta Kurokawa"
789,"Xiangxiong Zhang"
790,"Yang Guo 0005"
791,"Shuowen Hu"
792,"He Bai 0011"
793,"Xiaoke Qiang"
794,"Lixiang Li 0001"
795,"Ming Zhang 0004"
796,"Maria T. Chiaradia"
797,"Collin G. Homer"
798,"Petteri Mannersalo"
799,"Zhiqiang Tan"
800,"Vishal Monga"
801,"Taoufik En-Najjary"
802,"Oncel Tuzel"
803,"Aparna Joshi"
804,"Quanhua (Mark) Liu"
805,"Dimitrios Giakoumis"
806,"Gerhard Widmer"
807,"David Windridge"
808,"Dac-Tu Ho"
809,"Hung Bui"
810,"Yonghui Li 0001"
811,"Tomohiro Tanaka"
812,"Jeffrey Nichols"
813,"Sihai Zhang"
814,"Anatoli Torokhti"
815,"Xingyu Chen"
816,"Jian Xiong Zhou"
817,"Xiaodong Lin 0001"
818,"Beatriz Martin-Atienza"
819,"Pawel Turcza"
820,"Guanghao Li"
821,"Hongdong Li"
822,"Zheng Yang"
823,"Jakub Lopuszanski"
824,"Scott Gleason 0001"
825,"Yan Deng"
826,"Levent Aksoy"
827,"Qingchun Ren"
828,"Sonali Kulkarni"
829,"Vivek Veeriah"
830,"Luka Krapic"
831,"Vladimir I. Man'ko"
832,"Ze He"
833,"Neyva Maria Lopes Romeiro"
834,"Pravjyot Singh Deogun"
835,"Xianxiang Qin"
836,"Qifa Zhou"
837,"Varun Tulsian"
838,"Shalini Kaleeswaran"
839,"Vincent Michalski"
840,"Chunjiang Zhao 0001"
841,"Florentin Wörgötter"
842,"Adlen Ksentini"
843,"Bernard Ghanem"
844,"Zhihai Gao"
845,"Hongda Chen 0003"
846,"Jie Xu 0002"
847,"David Pichardie"
848,"Sungwoo Park"
849,"Yaozhong Pan"
850,"Victor Raizer"
851,"Elizabeth J. Botha"
852,"Rongfu Tang"
853,"Valter Drazic"
854,"Qiusheng Wu"
855,"Saeed Al-Mansoori"
856,"Xianjun Yang"
857,"Long Xu"
858,"Brian Wenny"
859,"Yilei Wang"
860,"Katsuya Kondo"
861,"Amit Angal"
862,"Tillmann Miltzow"
863,"Yuya Otsuka"
864,"Yaling Cao"
865,"Shuhei Nishimura"
866,"Anoop Saladi"
867,"Dai Yonebayashi"
868,"Daniela E. Damian"
869,"Benjamin Doerr"
870,"Eli David"
871,"Dariusz Dereniowski"
872,"Christoph Dürr"
873,"Shlomi Dolev"
874,"Andrew J. Davison"
875,"Sennur Ulukus"
876,"Andreas Uhl"
877,"Jeffrey D. Ullman"
878,"Raquel Urtasun"
879,"Michael Unser"
880,"Adrian Chan"
881,"Liu Liu"
882,"Mark M. Wilde"
883,"Liu Liu 0013"
884,"Joachim Fabini"
885,"V. Sathyendra Kumar"
886,"Pingwen Zhang"
887,"De-Chuan Zhan"
888,"Aleksi Aalto"
889,"Ning Jiang"
890,"Klas Folkesson"
891,"Urban Burnik"
892,"Artur Jez"
893,"Sang Eon Park"
894,"Keith M. Chugg"
895,"Lixin Wu"
896,"John M. Abowd"
897,"Zhenyu Liu"
898,"Matthew C. Clarke"
899,"Yolanda M. Fernandez-Ordonez"
900,"Yolanda Margarita Fernandez-Ordonez"
901,"Hu Ding"
902,"Christoph Bollig"
903,"Vasile Patrascu"
904,"Charles Werner 0001"
905,"Zikang Liu"
906,"Salah Menouar"
907,"Salim Medjber"
908,"Kangning Cui"
909,"Jeong Ryeol Choi"
910,"Cosmo Lupo"
911,"Petros A. Petrosyan"
912,"Salvatore Ruggieri"
913,"Jiangtao Peng"
914,"Yuan Li 0016"
915,"Yuki Yoshida"
916,"Yuan Han"
917,"Erxue Chen"
918,"Nicolaj C. Stache"
919,"Jaweria Amjad"
920,"Greg Mori"
921,"Marina Meila"
922,"Yutaka Matsuo"
923,"Chittaranjan A. Mandal"
924,"André F. T. Martins"
925,"Petri Mähönen"
926,"Larissa A. Meinicke"
927,"Tatiana Morosuk"
928,"Dongfang Xu"
929,"Tianjun Zhang"
930,"Juan Felipe Hernández Albarracín"
931,"Pruthwik Mishra"
932,"Tong Shi"
933,"Alan Menk"
934,"Olli Liinamaa"
935,"Debasish Pattanayak"
936,"Yicheng Du"
937,"Jiahui Yu"
938,"Olga V. Man'ko"
939,"David A. Lutz"
940,"Pragyan Mohapatra"
941,"Shuhui Wu"
942,"Ishika Ghosh"
943,"Tatiana Passali"
944,"Hana Dal Poz Kourimská"
945,"Jin-Lin Tang"
946,"Aaron Everitt"
947,"Anish Datta"
948,"Andrea Sulova"
949,"Jien-De Sui"
950,"Mark Holm"
951,"Quoc Duy Nam Nguyen"
952,"Eric Guenther"
953,"Jan Marcinkowski"
954,"Naama Ben-David"
955,"Junnan Song"
956,"Aditya Khandelwal"
957,"Santiago López-Tapia"
958,"Ji Hyun Bak"
959,"Blake E. Woodworth"
960,"Huisheng Wu"
961,"Jose Maureira"
962,"Maoyu Mao"
963,"Milan Huncaga"
964,"Vikram Ramanathan"
965,"Vasileios Nakos"
966,"Junlin Han"
967,"Danda Pani Paudel"
968,"Andreas Kargakos"
969,"Hyuk-Jae Chang"
970,"Elfatih M. Abdel-Rahman"
971,"Joaquim João Sousa"
972,"Ethan Manilow"
973,"Leiyu Dai"
974,"Wenlong Niu"
975,"Huibin Lin"
976,"Mohammad Alfi Hasan"
977,"Noel Gorelick"
978,"Navneet Garg 0001"
979,"Juan E. Tapia"
980,"Rimalapudi Sarvendranath"
981,"Yaliang Li"
982,"Anum Ali"
983,"Pietro Ubertini"
984,"Jihoon Ko"
985,"Ruixia Liu"
986,"Kai Ren 0003"
987,"Mitsuru Kawamoto"
988,"Hong Xu 0001"
989,"L. F. Abbott"
990,"Kyle C. Smith"
991,"An Ngoc Van"
992,"Wenjing Liang"
993,"Ryadh Hadj Mokhneche"
994,"Alexandros Iosifidis"
995,"Jonathan Cheung-Wai Chan"
996,"Juan Ardila"
997,"Hu Peng"
998,"Alain Durmus"
999,"Fabio Dell'Acqua"
1000,"Simon Baillarin"
1001,"Qingyu Yang"
1002,"Ville Niemelä"
1003,"Chau Yuen"
1004,"Xianfeng Liu"
1005,"Mengjie Zhang 0001"
1006,"Samuel Z. Guyer"
1007,"Dongyun Yi"
1008,"Bart Vandereycken"
1009,"Bo Tang"
1010,"Ji Zhou 0001"
1011,"Charles E. M. Pearce"
1012,"Ridha Bouallegue"
1013,"Jiantao Jiao"
1014,"Katarina Balac"
1015,"Xiaodong Xu"
1016,"John P. Kerekes"
1017,"Masaki Onishi"
1018,"Wenjiang Huang"
1019,"Hong Cao"
1020,"Zhijiang Guo"
1021,"Md. Golam Rabiul Alam"
1022,"Heikki Smolander"
1023,"Chao Yang"
1024,"Lilong Zou"
1025,"Ling Luo 0004"
1026,"Zhisheng An"
1027,"Tareq Y. Al-Naffouri"
1028,"Heikki Ahola"
1029,"Wenjin Wu"
1030,"Rinki Deo"
1031,"Teddy Furon"
1032,"Pengbo Wang"
1033,"Alá F. Khalifeh"
1034,"Konstantinos Panagiotou"
1035,"Yijing Li"
1036,"Y. Li"
1037,"Haitao Zhao"
1038,"Todd C. Gaier"
1039,"Toshiyasu Matsushima"
1040,"Weidi Xu"
1041,"Jianwei Yu"
1042,"Changqing Wang"
1043,"Jianyu Yang"
1044,"Yong Wu"
1045,"Patricia Besson"
1046,"Sheng Li 0001"
1047,"Jia Li 0003"
1048,"Raul Morais"
1049,"David W. Paglieroni"
1050,"John H. Prueger"
1051,"Thomas Sturm 0001"
1052,"Marie-Lise Flottes"
1053,"Mao-Gui Hu"
1054,"Ramon Torres"
1055,"Robert J. Zamora"
1056,"José Manuel Páez-Borrallo"
1057,"Sivakumar Venkataraman"
1058,"Reginald A. Blake"
1059,"Chunlei Huo"
1060,"Zhangdui Zhong"
1061,"Tianlin Yang"
1062,"Yunus Bicer"
1063,"Zhongwei Cui"
1064,"Yang Yu 0001"
1065,"Christopher T. Allen"
1066,"Kaoru Sezaki"
1067,"Mathilde Hurand"
1068,"Alexander Gruber"
1069,"Sumei Sun"
1070,"Xiaolong Dong"
1071,"Takeshi Ikuma"
1072,"Xi Li 0004"
1073,"Xian-Ling Mao"
1074,"Shivaprasad Kotagiri"
1075,"Hsin-Li Chiu"
1076,"Yamir Moreno"
1077,"Weizhen Wang"
1078,"Peter H. Veltink"
1079,"Torsten Butz"
1080,"Rongfeng Jia"
1081,"Thang Luong"
1082,"Rodrigo Hakamada"
1083,"Xiwei Fan"
1084,"Shota Saito"
1085,"Aqiang Yang"
1086,"Shengwei Zhong"
1087,"Yunshan Meng"
1088,"Alexander P. Kartun-Giles"
1089,"Kijung Shin"
1090,"Mathilde Caspard"
1091,"Gustavo H. X. Shiroma"
1092,"Yonghui Lei"
1093,"Lantian Li"
1094,"Suthee Ruangwises"
1095,"Caroline Steiner"
1096,"Prem Seetharaman"
1097,"Guangbin Lei"
1098,"Rohan Thakker"
1099,"Axin Jin"
1100,"Cristiane Lemos"
1101,"Chongdi Duan"
1102,"Devin L. Galloway"
1103,"Zhengjian Zhang"
1104,"Ernesto Rodríguez"
1105,"Jianyong Xing"
1106,"Henri Giraud"
1107,"Katsumasa Fujita"
1108,"Hong-Zheng Shi"
1109,"Myungsub Choi"
1110,"Frederik Heber"
1111,"Saeid Haji-Aghajany"
1112,"Jean-Baptiste Cordonnier"
1113,"Zohar Ringel"
1114,"Yazdan Amerian"
1115,"Shao-Yuan Lo"
1116,"Shehzeen Hussain"
1117,"Pau Prats-Iraola"
1118,"Fahad Shahbaz Khan"
1119,"Yoshinori Harada"
1120,"Atousa Hajshirmohammadi"
1121,"Srikanth Srinivasan 0001"
1122,"Kris Struyve"
1123,"Minglong Zhang"
1124,"Yasuhiro Nagai"
1125,"James C. Weaver"
1126,"Ziwei Liu 0002"
1127,"Behnood Gholami"
1128,"Qing Xiao"
1129,"Waleed Al-Nuaimy"
1130,"Carsten Maple"
1131,"Martin J. Reed"
1132,"Jirí Kubalík"
1133,"Scott D. Brown"
1134,"K. Scott"
1135,"Sean P. Healey"
1136,"Vasilii I. Kazakov"
1137,"Ezzedine Ben Braiek"
1138,"Vincent Albouys"
1139,"Montassar Naghmouchi"
1140,"Sharath Bhagavatula"
1141,"Yin P. Hung"
1142,"Hella Kaffel"
1143,"Pierpaolo Peruzzi"
1144,"Elizabeth H. Stover"
1145,"Lillian L. Tsai"
1146,"Yolanda L. Colson"
1147,"Robert Packard"
1148,"Tapio Nummi"
1149,"Christine Dominas"
1150,"Oliver Jonas"
1151,"Zhongyang Huo"
1152,"Cecilia Larocca"
1153,"Kyle Deans"
1154,"Gaozhong Nie"
1155,"Akpona Okujeni"
1156,"Stephen Schiller"
1157,"Natalie Mrachacz-Kersting"
1158,"Mi Jiang"
1159,"Stefan Suess"
1160,"Zirui Wang"
1161,"Chenglu Wen"
1162,"Vasilios Retsios"
1163,"Yan Xin 0001"
1164,"Ji Lin 0002"
1165,"Zhenghua Zhang"
1166,"Jun Han 0001"
1167,"Yoshimitsu Aoki"
1168,"Xiteng Liu"
1169,"Flávio Oliveira Silva 0001"
1170,"Li Guo 0006"
1171,"Xueying Li"
1172,"Hong Chang"
1173,"Kamal Nasrollahi"
1174,"Geert Rombouts"
1175,"Gary A. Wick"
1176,"Ting-Zhu Huang"
1177,"Iwao Sasase"
1178,"Gerd Ascheid"
1179,"JiHoon Choi"
1180,"Teodor Costachioiu"
1181,"Ming Jiang 0018"
1182,"Mykola Ponomarenko"
1183,"Dario Izzo"
1184,"Yasuhiro Fujiwara"
1185,"Iain G. Stirling"
1186,"Amir Mozammel"
1187,"Sina Amini Niaki"
1188,"António Góis"
1189,"Riccardo Vecchi"
1190,"Renzhe Xu"
1191,"Haotian Tang"
1192,"Renjie Gu"
1193,"Robert Tjarko Lange"
1194,"Adam Tauman Kalai"
1195,"Dmitri V. Krioukov"
1196,"Daniel Král'"
1197,"C.-C. Jay Kuo"
1198,"Moshe Koppel"
1199,"James T. Kwok"
1200,"Adrian Kosowski"
1201,"Yael Kalai"
1202,"Constantine Kotropoulos"
1203,"Aggelos K. Katsaggelos"
1204,"Marcos A. Kiwi"
1205,"Yifang Fu"
1206,"Lu Fu"
1207,"Sabrina Machhour"
1208,"Qinqin Xiong"
1209,"Chirag Pabbaraju"
1210,"Dazhen Deng"
1211,"Carmen Bisogni"
1212,"Chunliu Zheng"
1213,"Ian D. Reid 0001"
1214,"Stuart Russell 0001"
1215,"Tajje-eddine Rachidi"
1216,"Nandana Rajatheva"
1217,"Christopher Ré"
1218,"Dan Roth"
1219,"Joel Kronander"
1220,"Hsi-Lu Chao"
1221,"Chunhong Pan"
1222,"Qiangqiang Yuan"
1223,"Han Zhang 0010"
1224,"Sylvain Meignen"
1225,"Hongbo Yuan"
1226,"Yonghui Wu"
1227,"Cristiano Tolomei"
1228,"Dejing Dou"
1229,"Richard Ney"
1230,"Desiré Paelinckx"
1231,"Joel Gilbert"
1232,"Qiang Luo"
1233,"Michael Griebel"
1234,"Marcel Jirina"
1235,"Josué Álvarez-Borrego"
1236,"Chen-Yu Wei"
1237,"Yi-Zi Ning"
1238,"Andrea Dittadi"
1239,"Lisheng Song"
1240,"Aoxue Li"
1241,"Salisu Mamman Abdulrahman"
1242,"Songyang Zhang"
1243,"Yash Khanna"
1244,"Ge-Peng Ji"
1245,"Hoang Manh Hung"
1246,"Bobby Powers"
1247,"Julian Zimmert"
1248,"Samuel S. Schoenholz"
1249,"Laura Isabel Galindez Olascoaga"
1250,"Qiongxiu Li"
1251,"Jonathan Bac"
1252,"Mehrdad Shoeiby"
1253,"Iman Jahandideh"
1254,"Bhabani Shankar Dey"
1255,"Suhas S. Kowshik"
1256,"Zhaoyan Lyu"
1257,"Yunqin Zhong"
1258,"Kai Shuang"
1259,"Weidong Sun"
1260,"Vahid Akbari 0001"
1261,"Jesus Soria-Ruiz"
1262,"Kenji Nakayama"
1263,"Arnaud Doucet"
1264,"Xuewen Liao"
1265,"Md. Kamruzzaman 0002"
1266,"Shaojie Tang"
1267,"Salah Bourennane"
1268,"Long Wang 0004"
1269,"Sheng-Shih Wang"
1270,"Emanuele Santi"
1271,"Shu Ji"
1272,"Rosalia Santoleri"
1273,"Dong Zhao"
1274,"Frank J. W. Podd"
1275,"Keechoo Choi"
1276,"Jayanti J. Sharma"
1277,"Patrick Marsch"
1278,"Yann Ollivier"
1279,"Kun Yang 0004"
1280,"Jean Philippe Ovarlez"
1281,"Ruzica Jevtic"
1282,"Sen Su"
1283,"Fabio Rocca"
1284,"Jiemin Wang"
1285,"Weiwei Sun"
1286,"Huazhu Fu"
1287,"Alireza Tabatabaeenejad"
1288,"Alex Stephenne"
1289,"Glenn Prescott"
1290,"Isis Hjorth"
1291,"Yusuke Uehara"
1292,"Alessandro Rudi"
1293,"Weiwei Sun 0005"
1294,"Jianxi Huang"
1295,"Giovanni Valentini"
1296,"Guihuan Liu"
1297,"Dai Li Rong-sheng Li"
1298,"Yi-huan Lang"
1299,"Amel Ben Slimane Rahmouni"
1300,"Wajdi Ghezaiel"
1301,"Sandra L. Castro"
1302,"Changwei Tan"
1303,"Jean Paul Aguttes"
1304,"W. M. Woon"
1305,"Gal Mishne"
1306,"Renxi Chen"
1307,"Juan Carlos Arevalo"
1308,"Zhenjun Fan"
1309,"Nival Nunes de Almeida"
1310,"Shengyang Li"
1311,"Famao Ye"
1312,"Maria Vakalopoulou"
1313,"Laurent Kazdaghli"
1314,"Chongyi Li"
1315,"Peter Meuel"
1316,"Luis Muñoz-González"
1317,"S. Sekhar"
1318,"Charles R. Lane"
1319,"Jordan S. Read"
1320,"Thang X. Vu"
1321,"Max Talanov"
1322,"Juan M. Lopez-Sanchez"
1323,"Wei Han"
1324,"Xiaoning Song"
1325,"Lihua Li"
1326,"Junli Wang"
1327,"Lin Qi"
1328,"Yong Xue"
1329,"JaeJun Yoo"
1330,"Anthony Paul Doulgeris"
1331,"Hongbin Chen"
1332,"Nagarajan Natarajan"
1333,"Ljiljana Dolamic"
1334,"Juha Lemmetyinen"
1335,"Susumu Endo"
1336,"Xuemei Yang"
1337,"Chongcheng Chen"
1338,"Xiuguo Liu"
1339,"Peter Kairouz"
1340,"Seyed Hamed Alemohammad"
1341,"Michael A. Riegler"
1342,"Joey Huchette"
1343,"Roselyne Lacaze"
1344,"Martin J. Svehla"
1345,"M. Heydari-Malayeri"
1346,"Bartosz Rybicki"
1347,"Catherine A. Todd"
1348,"F. Le Petit"
1349,"Manuel Matuz-Cruz"
1350,"Gisel Bastidas Guacho"
1351,"Konstantinos Apostolopoulos"
1352,"Sara Abdali"
1353,"Kyriaki Petroulaki"
1354,"Mariana-Iuliana Georgescu"
1355,"Kaizhi Wang"
1356,"Dara Entekhabi"
1357,"Hiroshi Harada"
1358,"Yong Peng 0006"
1359,"T. Keefer"
1360,"Dipti Misra Sharma"
1361,"Tomi Westerlund"
1362,"John P. Merryman Boncori"
1363,"Jitendra Malik"
1364,"Lixia Xiong"
1365,"Priyanka Das 0001"
1366,"Vince Salomonson"
1367,"Raffaele Nutricato"
1368,"Manuela Bonano"
1369,"Kasturi Devi Kanniah"
1370,"Yong Niu"
1371,"Yongming Du"
1372,"Jinfan Xie"
1373,"Jaan Raik"
1374,"M. Julia Fernández-Getino García"
1375,"Haoyu Song 0001"
1376,"Sølvi Ystad"
1377,"Juho Lee 0001"
1378,"Feiyu Xiong"
1379,"Kimmo Rautiainen"
1380,"Shaomin Liu"
1381,"Sébastien Bonaime"
1382,"Hua Sun 0002"
1383,"Akisato Kimura"
1384,"Nilufer Tuptuk"
1385,"Jianhua Zhang 0001"
1386,"Igor Zakharov"
1387,"Marián Boguñá"
1388,"Jiro Katto"
1389,"Vinod Muthusamy"
1390,"Venkatachalam Chandrasekar"
1391,"Giovanni Zeni"
1392,"Peng Cui 0001"
1393,"Grigore Stamatescu"
1394,"Zhihua Yang"
1395,"Tatiana Mora Kuplich"
1396,"Yuval Peres"
1397,"Long Zhao"
1398,"Karthik Gopalakrishnan"
1399,"Piotr Oprocha"
1400,"Graham C. Freeland"
1401,"Xiang Wang 0010"
1402,"Samuel Pagliarini"
1403,"Thierry Koleck"
1404,"Amy Neuenschwander"
1405,"Yanchuan Li"
1406,"Sébastien Le Digabel"
1407,"Marisol Gómez"
1408,"Marouane Temimi"
1409,"Alessandro Scotto"
1410,"David R. Large"
1411,"Erel Segal-Halevi"
1412,"Aseneth S. Lopez"
1413,"Mudassir Masood"
1414,"Mays F. Al-Naday"
1415,"Abdellah Fourtassi"
1416,"Houria Madani"
1417,"Scott A. Loomer"
1418,"James M. Brase"
1419,"László Miklós Lovász"
1420,"Liang-Jian Deng"
1421,"Dulce Lajas"
1422,"Lijuan Han"
1423,"Srinivas Virinchi"
1424,"Foto N. Afrati"
1425,"Wenjie Shang"
1426,"Sridhar Raman"
1427,"Erik B. Myklebust"
1428,"Dounia Lakhmiri"
1429,"Chaofan Zhou"
1430,"Joseph G. Alfieri"
1431,"Rumana Yasmin"
1432,"Yonatan Geifman"
1433,"Berkan Demirel"
1434,"Daniel Heestermans Svendsen"
1435,"Prabhu Babu"
1436,"Alfredo Renga"
1437,"Weiquan Liu"
1438,"Randa Atta"
1439,"Dimitris Manolakis 0001"
1440,"Liwei Li"
1441,"Shuang Zheng"
1442,"Yougui Song"
1443,"Xian Wu"
1444,"Xiao-Lei Zhang"
1445,"Steven Hancock"
1446,"Malay Gupta"
1447,"Xiaoli Sun"
1448,"Jin Chen 0001"
1449,"William J. Emery"
1450,"Wei Yang 0004"
1451,"Panu Lahtinen"
1452,"Robert J. Burkholder"
1453,"Tim Fingscheidt"
1454,"Tristan Vaccon"
1455,"Raul Onrubia"
1456,"Nathan Kallus"
1457,"Dou An"
1458,"Jinhu Bian"
1459,"Guennadi Kroupnik"
1460,"Xiuping Li"
1461,"Jinxin Zhuang"
1462,"Dakui Wang"
1463,"Neha Bhargava"
1464,"Qihao Chen"
1465,"Jobin Francis 0001"
1466,"Alfonso F. Torres-Rua"
1467,"Robertus Heru Triharjanto"
1468,"Claudio De Luca"
1469,"Dave Kelbe"
1470,"Hamed Adab"
1471,"Karim Solaimani"
1472,"Claire Huber"
1473,"Ainong Li"
1474,"Francis R. Bach"
1475,"Ian S. Burnett"
1476,"Jürgen Becker 0001"
1477,"Joseph Jean Boutros"
1478,"John S. Baras"
1479,"Yuehong Wang"
1480,"Ruiqin Zhao"
1481,"Gary E. Burnett"
1482,"Xinwu Li"
1483,"Fenzhen Su"
1484,"Tianhe Chi"
1485,"Jun Xiao 0001"
1486,"Pengyu Huang"
1487,"Josaphat Tetuko Sri Sumantyo"
1488,"Jia Du"
1489,"Nuhman ul Haq"
1490,"Neil Shah"
1491,"Lu Zhang 0017"
1492,"Jean-Pierre Dedieu"
1493,"Ruisi He"
1494,"Charlotte Pachot"
1495,"Winfried Posselt"
1496,"Flavio Mariani"
1497,"Manfred-Georg Kolm"
1498,"Hans Korswagen"
1499,"Nicolas Leveque"
1500,"Chris Durell"
1501,"Andrea Tromba"
1502,"Zhuotao Li"
1503,"Xiaobo Xi"
1504,"Daniel Q. Tong"
1505,"Hanrui Wang 0002"
1506,"Jonathan León-Tavares"
1507,"Cyril Quennouelle"
1508,"Gabriele Modena"
1509,"Jamal Jokar Arsanjani"
1510,"Xu Tang"
1511,"Sérgio Galdino"
1512,"O. L. H. Fonseca"
1513,"Ludovic Stephan"
1514,"Borja Ibarz"
1515,"Ron Caves"
1516,"Melissa A. Quigley"
1517,"Osman Wallace"
1518,"Kenneth James"
1519,"Pok F. Lee"
1520,"Fengtao Xu"
1521,"Mara Rhepp"
1522,"Khang Le"
1523,"Samson Zhou"
1524,"Madeline Carr"
1525,"Grace Li Zhang"
1526,"Hui-Min Cheng"
1527,"Ryuichi Ikeura"
1528,"Masafumi Satoh"
1529,"Chu-Ryang Wie"
1530,"Thorsten Seehaus"
1531,"David Farías-Barahona"
1532,"Zean Tian"
1533,"Flavia Burger"
1534,"Marius Schaefer"
1535,"Pablo Iribarren-Anacona"
1536,"Will Arnold"
1537,"Thanh-Huy Nguyen"
1538,"Tiffany Timbers"
1539,"Guillaume Valladeau"
1540,"Congtang Meng"
1541,"Alix Roumagnac"
1542,"Christophe Taillan"
1543,"Cristian Garau"
1544,"Nga T. Chung"
1545,"Romain Goeury"
1546,"Ridwan Siddique"
1547,"Christian García-Aquino"
1548,"Sanjib Sharma"
1549,"Ganesh Raj Ghimire"
1550,"Biyan Chen"
1551,"Magno T. M. Silva"
1552,"Aki Härmä"
1553,"Shengwei Tian"
1554,"Philippe Martin 0001"
1555,"Miguel R. D. Rodrigues"
1556,"Lei Liu 0023"
1557,"Ying Chen 0020"
1558,"Xiaoli Ding"
1559,"Shukai Li"
1560,"Felipe Almeida"
1561,"Lei Liu 0005"
1562,"Victor C. Chen"
1563,"Wassim M. Haddad"
1564,"Jean-Marc Goutoule"
1565,"Yezekael Hayel"
1566,"Raymond Li"
1567,"Soydan Redif"
1568,"Xiaoqing Wang"
1569,"Jinshi Cui"
1570,"Fei Zhao"
1571,"Xiaoqi Qin"
1572,"Arthur van Goethem"
1573,"Ziqi Huang"
1574,"Xiaolong Luke Zhang"
1575,"Yanghao Li"
1576,"John P. Dickerson"
1577,"Sandra Cruz-Pol"
1578,"Lei Han"
1579,"Richard McClatchey"
1580,"Sami Kemppainen"
1581,"Yasin Yilmaz"
1582,"Abdelhak M. Zoubir"
1583,"Shanjun Liu"
1584,"Mugen Peng"
1585,"Vasileios Belagiannis"
1586,"Faouzi Bellili"
1587,"Min Han"
1588,"Bernardo Carnicero Domínguez"
1589,"Bernardo Carnicero"
1590,"Yimin Lu"
1591,"Gang Hua 0001"
1592,"Marc Simard"
1593,"Srdjan Stankovic"
1594,"Satoshi Goto"
1595,"Filipe R. Cordeiro"
1596,"Frédéric Havet"
1597,"Mahyar Fazlyab"
1598,"Stephan Mandt"
1599,"Linwei Yue"
1600,"Quanjun Yin"
1601,"Naveed Akhtar"
1602,"Timothy Bigg"
1603,"Daniel Garcia-Alis"
1604,"Ye Zhang 0008"
1605,"Mathijs Wintraecken"
1606,"Benjamin Mack"
1607,"Felix Kottmann"
1608,"Ryogo Yamamoto"
1609,"Abhirup Mondal"
1610,"Vibin Parakkattu"
1611,"Nora Hofer"
1612,"Canyu Yang"
1613,"G. Jaykrishnan"
1614,"Subhajit Sahu"
1615,"Kehao Yu"
1616,"M. Balamurali"
1617,"Robert D. Throne"
1618,"Zhiyuan Weng"
1619,"Radu Tudor Ionescu"
1620,"Bruno Correia"
1621,"Rodrigo Cabral Farias"
1622,"Lorraine G. Olson"
1623,"Andrzej Grzesik"
1624,"David B. Geselowitz"
1625,"Koji Ohnishi"
1626,"John R. Windle"
1627,"Jason Ferrara"
1628,"Koji Tabata"
1629,"Xu Geng"
1630,"Wendong Zhang"
1631,"Chris Fleizach"
1632,"Vladlen Koltun"
1633,"Laurent Hubert"
1634,"Myunghwan Kim 0002"
1635,"Rong Wang 0001"
1636,"A. S. Madhukumar"
1637,"Izzat Darwazeh"
1638,"Shiguo Xu"
1639,"William Shannon"
1640,"Jin Zhan"
1641,"Rodrigo Marques de Figueiredo"
1642,"Xiao Xie"
1643,"Paolo Scotton"
1644,"José F. Fontanari"
1645,"Lingmei Jiang"
1646,"Kaishan Song"
1647,"Peter Richtárik"
1648,"Jing Yang 0024"
1649,"David D. Bosch"
1650,"Carola Winzen"
1651,"Qian Du 0001"
1652,"Carine Bredin"
1653,"Hu Wang"
1654,"Wei-Ping Zhu 0001"
1655,"José Henrique de Morais Goulart"
1656,"François Dolon"
1657,"Thuy Le Toan"
1658,"Francesco Caltagirone"
1659,"Mangesh Gupte"
1660,"Beibei Chen"
1661,"Chenguang Wang 0001"
1662,"Hirotsugu Kinoshita"
1663,"Wuyang Zhou"
1664,"Vincent Monfort"
1665,"Yun Hee Kim"
1666,"Miguel D. Mahecha"
1667,"Yinchuan Li"
1668,"Rusel Cierto Trinidad"
1669,"Valentin Liévin"
1670,"Matt Jordan"
1671,"Jarallah Alqahtani"
1672,"Simon Reisser"
1673,"Alcides Bernardo Tello"
1674,"Ulysse Marteau-Ferey"
1675,"Xingcai Liu"
1676,"Saket Dingliwal"
1677,"Paula Saameno"
1678,"Jichang Guo"
1679,"Zhe Zheng"
1680,"Petar M. Djuric"
1681,"Jiakui Tang"
1682,"Vijay Vasudevan"
1683,"Xiaohong Shen"
1684,"Carmelo Gentile"
1685,"Hongshu Wang"
1686,"Yao Liang"
1687,"Paolo Pasquali"
1688,"Christian Minet"
1689,"Xiaoxiong Xiong"
1690,"Hoonyol Lee"
1691,"Michele Manunta"
1692,"Kok Yong Lim"
1693,"Herbert Stögner"
1694,"Bingchen Zhang"
1695,"Mehmet Fatih Yanik"
1696,"Bithika Pal"
1697,"Thomas Kerdreux"
1698,"Jan-Nico Zaech"
1699,"Elizaveta Sivak"
1700,"Vitaly Kocharovsky"
1701,"Sang-Eun Lee"
1702,"Christoph Wintersteiger"
1703,"Zhaoqiang Huang"
1704,"Hua Wu 0001"
1705,"Mrinal K. Naskar"
1706,"Kanji Tanaka"
1707,"Brieuc Conan-Guez"
1708,"Emilio Calvanese Strinati"
1709,"James B. Abshire"
1710,"Tianhong Wang"
1711,"Tatsuya Hayashi"
1712,"Nicolas Pinel"
1713,"Masae I. Ishihara"
1714,"Heyan Huang"
1715,"Zesong Fei"
1716,"Arian Maleki"
1717,"Ehren L. Newman"
1718,"Chitralekha Bhat"
1719,"Armin Tavakoli"
1720,"Caoyuan Li"
1721,"Charles Volkstorf"
1722,"Isabelle Herbauts"
1723,"Wei Ji 0008"
1724,"Benedict J. Leimkuhler"
1725,"Wayne Xin Zhao"
1726,"Thomas Melzer"
1727,"Charles Williams"
1728,"Kun-Chan Lan"
1729,"Bhushan G. Jagyasi"
1730,"Silvia Mari"
1731,"Sudhan Majhi"
1732,"Yuming Jiang 0003"
1733,"Changcheng Wang"
1734,"Shiwen Mao"
1735,"Bo Guo"
1736,"Miles Silman"
1737,"Maosheng Xiang"
1738,"Shiliang Zhang"
1739,"Xinsheng Xia"
1740,"Qi Zhang"
1741,"Minija Tamosiunaite"
1742,"Qilian Liang"
1743,"Luca Pulvirenti"
1744,"Frédéric Baret"
1745,"Rishit Sheth"
1746,"Markus Vaalgamaa"
1747,"Xiaohui Yuan 0001"
1748,"Aditya Kanade"
1749,"Ginestra Bianconi"
1750,"Balu Santhanam"
1751,"Ahmed Bader"
1752,"Ka-Cheong Leung"
1753,"Wei Di"
1754,"Milena Menna"
1755,"Xihan Mu"
1756,"Christian Soize"
1757,"Xiaowen Zhang"
1758,"Mingyuan Zhou"
1759,"Luc Van Gool"
1760,"Jie Lei 0001"
1761,"Yang Xu 0006"
1762,"Joseph E. Gonzalez"
1763,"Pan Zhao"
1764,"Yossi Weinstein"
1765,"Liang Zheng 0001"
1766,"Kyung Sup Kwak"
1767,"Zhongxin Chen"
1768,"Rawad Bitar"
1769,"Sebastian R. Lamelas Marcote"
1770,"Alfredo Canziani"
1771,"Zhining Tao"
1772,"Guanghui Zhu"
1773,"Baoguo Liu"
1774,"Zhengwei Wang"
1775,"Panagiota Koltsida"
1776,"Xiangzuo Huo"
1777,"Hanfei Zhai"
1778,"Long Chao Li"
1779,"Nickolas Stelzenmuller"
1780,"Peixi Wu"
1781,"Maqun Zhang"
1782,"Ghozali Suhariyanto Hadi"
1783,"Aolun Li"
1784,"Denis Ivanitsa"
1785,"Koushikey Chhapariya"
1786,"Ziyue Huang"
1787,"Zhiwei Deng"
1788,"Ryan Chen"
1789,"Syed Hamad Sherazi"
1790,"Seung Yeob Shin"
1791,"Baoquan Zhang"
1792,"Xiaoming Liu 0011"
1793,"Hui Lin 0004"
1794,"Tie-Yan Liu"
1795,"Yann LeCun"
1796,"Jing Li 0018"
1797,"Emil C. Lupu"
1798,"Jure Leskovec"
1799,"Hongdong Fan"
1800,"Chien-Chao Tseng"
1801,"Shigeru Shimamoto"
1802,"Steven Gao"
1803,"Roger L. Claypoole Jr."
1804,"David Chiang 0001"
1805,"Else Swinnen"
1806,"Youcef Smara"
1807,"Weihong Guo 0002"
1808,"Massimiliano Todisco"
1809,"Richard H. Chen"
1810,"Anne Puissant"
1811,"Bechir Hamdaoui"
1812,"Hang Song"
1813,"Greg Fiske"
1814,"Luca Arnaboldi"
1815,"Bahareh Kalantar"
1816,"Zarana Parekh"
1817,"Julián Tomastík"
1818,"Pinki Mondal"
1819,"Deng-Ping Fan"
1820,"Mohammed Salah Al-Radhi"
1821,"Gillian L. Galford"
1822,"Chaobing Zheng"
1823,"Zhihao Fang"
1824,"Shaghayegh Kargozar Nahavandya"
1825,"Xingxing Jiang"
1826,"Ari Holtzman"
1827,"Frantisek Chudý"
1828,"Sebastián Vivero"
1829,"Jian Li"
1830,"Wei Xiong"
1831,"Marjan Sirjani"
1832,"Jianwen Ma"
1833,"Byonghyo Shim"
1834,"Weiguo Zhang"
1835,"Liviu I. Ignat"
1836,"Miao Qi"
1837,"Yasmine Boulfani-Cuisinaud"
1838,"Frank Canters"
1839,"Giuseppe Ruello"
1840,"Irena Hajnsek"
1841,"Georgios B. Giannakis"
1842,"Tomas Kulvicius"
1843,"Joseph Camp"
1844,"Stewart Worrall"
1845,"Leigh Clark"
1846,"Jeanne Lefevre"
1847,"Sandeep Silwal"
1848,"Shengyu Zhao"
1849,"Shaoning Xiao"
1850,"Adnan Akhundov"
1851,"Jungyu Ahn"
1852,"Ozgur Sinanoglu"
1853,"Grégoire Mercier"
1854,"Ming Yao"
1855,"Bing Li 0005"
1856,"Sriharsha Madhavan"
1857,"Antonio Iodice"
1858,"Hongyang Chen"
1859,"Sebastian van der Linden"
1860,"André Lieutier"
1861,"George K. Karagiannidis"
1862,"Jianguo Zhu 0004"
1863,"Arpan Pal"
1864,"Xunzhan Zhu"
1865,"Te-Wei Chiang"
1866,"Patrick Hostert"
1867,"Bin Wang 0008"
1868,"Kevin Zhang"
1869,"Aixia Dou"
1870,"Man Jiang"
1871,"Shigeru Takano"
1872,"Bin Zhang"
1873,"Dario Amodei"
1874,"Leda Sari"
1875,"Alejandro Cassis"
1876,"Matteo Sali"
1877,"Bi'an Du"
1878,"Aylin Tastan"
1879,"Ryan Alimo"
1880,"Thomas Huang 0001"
1881,"Thomas H. Li"
1882,"Marina Volkova"
1883,"Zachary Charles"
1884,"Huiguang Zhang"
1885,"Chiara Pero"
1886,"Shixin Zheng"
1887,"K. Victor Sam Moses Babu"
1888,"Milan Koren"
1889,"Huanfeng Shen"
1890,"Davide Oscar Nitti"
1891,"Andreas Rabe"
1892,"Ling Wang 0007"
1893,"Robert Jarnot"
1894,"Edward J. Smith"
1895,"Chris Pal"
1896,"Udayan Banerjee"
1897,"Kai-Ten Feng"
1898,"Hongyi Liu 0001"
1899,"Luping Zhou"
1900,"Tomas E. Ward"
1901,"Alexander N. Gorban"
1902,"Zhijun Zhang 0009"
1903,"Björn E. Ottersten"
1904,"Arnaud de La Fortelle"
1905,"Andreas Wiesmann"
1906,"Xiaohong Guan"
1907,"Abhinav Jangda"
1908,"Priyadarshini Panda"
1909,"Rong Qiang Zhu"
1910,"Smita Roy"
1911,"Mohammad Ali Armin"
1912,"Xiaokun Zhao"
1913,"Xiuping Guo"
1914,"Runze Wang"
1915,"Qinhuo Liu"
1916,"Weizhu Bao"
1917,"Pedro J. Leitão"
1918,"Kwangjin Lee"
1919,"Alain Royer"
1920,"Stefanie Gerdes"
1921,"Yin Zhang 0003"
1922,"Trond Kvamsdal"
1923,"Ji Wu 0001"
1924,"Dirk Geudtner"
1925,"Bin Yong"
1926,"Kerstin Bunte"
1927,"Ziqiang Shi"
1928,"Seyed Morteza Razavi"
1929,"Fayao Liu"
1930,"Steve J. Dinardo"
1931,"Tobias Landmann"
1932,"Ryan Woodings"
1933,"Bo-Hui Tang"
1934,"Renato Fontes Guimarães"
1935,"Arnaud Durand 0002"
1936,"Ta-Sung Lee"
1937,"Gaohuan Lv"
1938,"Mohammad G. Khoshkholgh"
1939,"Meng Li 0004"
1940,"Sen Lin"
1941,"Michael H. Cosh"
1942,"Xiaohu Tang"
1943,"Jieyu Zhang"
1944,"Chen Qian 0001"
1945,"Ji Zhao 0001"
1946,"Xiaoliang Tang"
1947,"Bo Du 0001"
1948,"Zhong Chen"
1949,"Mark Hasegawa-Johnson"
1950,"Alexander Zakharov"
1951,"Mónica F. Bugallo"
1952,"Fatemeh Afghah"
1953,"Xiaojun Yuan 0002"
1954,"Mohamed Chetouani"
1955,"Tshilidzi Marwala"
1956,"Haris E. Psillakis"
1957,"Zhao-Liang Li"
1958,"Yunming Ye"
1959,"Ping-Cheng Yeh"
1960,"Simona Zoffoli"
1961,"Zhe Liu 0007"
1962,"Lucas Meijer"
1963,"Roxana Popescu"
1964,"Chunlin Jin"
1965,"Daniel Freeman"
1966,"Diogenes Nunez"
1967,"Marcel Schwieder"
1968,"Ahram Song"
1969,"Jacob V. Dueholm"
1970,"Chen Shao"
1971,"Thomas F. Lidbetter"
1972,"Hedaia Ghannam"
1973,"Ronan Fablet"
1974,"Dirk T. M. Slock"
1975,"Kenji Ose"
1976,"David Fagan"
1977,"Yongqiang Xiong"
1978,"Guoqing Zhou"
1979,"Haris Riris"
1980,"Symeon Chatzinotas"
1981,"Jonathan H. Manton"
1982,"Didier Boldo"
1983,"Yunming Liao"
1984,"David N. Conran"
1985,"Giuseppe Pezzo"
1986,"Antonio Pepe 0001"
1987,"Vahid Jamali"
1988,"Weizhong Zhang"
1989,"Matteo Piemontese"
1990,"Roberto Tomás"
1991,"Antonio Napolitano 0001"
1992,"Michael Levin"
1993,"Jie Cao 0006"
1994,"Takao Okamawari"
1995,"João Roberto dos Santos"
1996,"Jing Nie"
1997,"Qun Cao"
1998,"Lori A. Magruder"
1999,"Gunes Karabulut Kurt"
2000,"Mahin Torki"
2001,"Steve McLaughlin 0001"
2002,"Zhen Kan"
2003,"Tao Yang 0003"
2004,"Mohammad Hosein Sedaaghi"
2005,"Luis Garcia"
2006,"Jarek Duda"
2007,"Muhammad Arif"
2008,"Shuichi Kawano"
2009,"Wenji Zhao"
2010,"Sihun Yang"
2011,"Han Wang"
2012,"Kai Niu 0001"
2013,"Renjie Pi"
2014,"Fang Liu 0001"
2015,"Alexandre Roy"
2016,"Tetsuya Okuda"
2017,"Riccardo Lanari"
2018,"Simonetta Paloscia"
2019,"Jacob A. Zwart"
2020,"Andrea Marzoli"
2021,"Kento Doi"
2022,"Yunpeng Ling"
2023,"Sebastian Roethlin"
2024,"Jacqueline Le Moigne"
2025,"Liv Fritsche"
2026,"Nived Rajaraman"
2027,"Scott W. Abbott"
2028,"Paul E. Johnston"
2029,"Pouya Hedayati"
2030,"Wanting Cai"
2031,"Richard J. Lataitis"
2032,"Jesse L. Leach"
2033,"Sirui Chen"
2034,"Simon Besnard"
2035,"Katia Nagamine Urata"
2036,"Lisa Beccaro"
2037,"Jiayuan Yu"
2038,"Simone Ippoliti"
2039,"Mario Floris"
2040,"Stefanie Riel"
2041,"José Antonio Padrón-Hidalgo"
2042,"Sophie Ricci"
2043,"Shiang Qi"
2044,"Ling Tong 0001"
2045,"John Murphy 0001"
2046,"Yan Li"
2047,"Ivan Tyukin"
2048,"Yuan Liu 0013"
2049,"Jia Su"
2050,"Monica Pepe"
2051,"Mattia Crespi"
2052,"Yunsong Li"
2053,"Xingzhao Liu"
2054,"Kazunori Hayashi"
2055,"Fei Li 0005"
2056,"Naonori Ueda"
2057,"Hendrik Kück"
2058,"Gwendoline Blanchet"
2059,"Marc Rodriguez-Cassola"
2060,"Larry Larson"
2061,"Dip Sankar Banerjee"
2062,"Takeshi Yamada"
2063,"Nimish Shah"
2064,"Shane R. Cloude"
2065,"Alexandros G. Dimakis"
2066,"Biao Cao"
2067,"Xiao Zhu"
2068,"Hussain Al-Ahmad"
2069,"Sharmila Padmanabhan"
2070,"Pranav Sakulkar"
2071,"Praveen Kumar"
2072,"Peng Wang"
2073,"Yunhong Wang"
2074,"Shattri Mansor"
2075,"Pekka Kangaslahti"
2076,"Mahmood R. Azimi-Sadjadi"
2077,"Supan Tungjitkusolmun"
2078,"Huabin Chen"
2079,"Norman Kerle"
2080,"Jean-Claude Orlhac"
2081,"Jiming Li"
2082,"Peng Wang 0087"
2083,"Robert Schober"
2084,"Keiichi Mizutani"
2085,"Shuhua Zhang"
2086,"Zhong Zhou"
2087,"Carlos Gómez-Rodríguez"
2088,"Yongyong Cai"
2089,"Yulin Huang"
2090,"Jukka Soikkeli"
2091,"Andzhukaev Tseren"
2092,"Mohammad Hashir"
2093,"Artem Gorlanov"
2094,"Kumar Kshitij Patel"
2095,"Kaylea Champion"
2096,"Trevor Clokie"
2097,"Jeremy D. McK. Watson"
2098,"Jordi Feliu-Fabà"
2099,"Dehui Zhu"
2100,"Allison Koenecke"
2101,"Hritik Bansal"
2102,"Chenyang Xi"
2103,"Wangming Xu"
2104,"O. Y. Al-Jarrah"
2105,"Weiying Xie"
2106,"Washington de Carvalho Segundo"
2107,"Yiwen Guo"
2108,"Hans-Jürgen Butterweck"
2109,"Machel Reid"
2110,"Ehsan Haghighat"
2111,"Tatsuya Koike"
2112,"ZiFan Chen"
2113,"Shashidhar Nandadapu"
2114,"Adam Case"
2115,"Munawar Hayat"
2116,"Qi Meng"
2117,"Tal Wagner"
2118,"Mohamed Bourennane"
2119,"Sérgio Cunha"
2120,"Ahmed Allibhoy"
2121,"Andrea Albanese"
2122,"Atharva Kulkarni"
2123,"Fengbei Liu"
2124,"Wing-Kin Ma"
2125,"Nicolas Le Bihan"
2126,"Chunming Zhang"
2127,"Jianping Yin"
2128,"Hitoshi Kiya"
2129,"Michael Ulrich"
2130,"Stephen B. Musko"
2131,"Wolfgang Wagner 0001"
2132,"André Stumpf"
2133,"Jeroen Vanden Borre"
2134,"Yueguan Lin"
2135,"Suleyman Uludag"
2136,"Bo Wei"
2137,"Jaya Sreevalsan-Nair"
2138,"Jingming Kuang 0001"
2139,"Wilson Woon"
2140,"Masahiro Nakano"
2141,"Jonas von Bismarck"
2142,"Martín Ochoa"
2143,"Oscar Castro"
2144,"Kun-Shan Chen"
2145,"Tao Zhang 0066"
2146,"Soo-Hyung Kim"
2147,"Hai Jiang"
2148,"Di Liu 0004"
2149,"Gabriel S. Carneiro"
2150,"Kunlun Xu"
2151,"Leizhen Dong"
2152,"Yamil Soto"
2153,"Emily Ryu"
2154,"Ismael É. Koch"
2155,"Maximilian Bachl"
2156,"Ana Paula Camargo Larocca"
2157,"Dapeng Hu"
2158,"Jonás Kulhánek"
2159,"Pavel Propastin"
2160,"Xiaowei Yu"
2161,"Pierre Comon"
2162,"Yuusuke Mizuno"
2163,"Lucas R. Peres"
2164,"Jiacheng Chen"
2165,"Yun Zhou"
2166,"Chris Reade"
2167,"Viswanathan N. Bringi"
2168,"Y. S. Rao 0001"
2169,"John Augustine"
2170,"Gaoming Cao"
2171,"Hosni Ghedira"
2172,"Mads Græsbøll Christensen"
2173,"Wen Sun"
2174,"Fatih Nar"
2175,"Thomas P. Jensen"
2176,"Ke Wu"
2177,"Xinjian Shan"
2178,"Tharmalingam Ratnarajah"
2179,"Jens Lemmens"
2180,"Philip C. Harris"
2181,"Hsueh-Yi Chen"
2182,"Pei-Feng Lee"
2183,"Haowei Shi"
2184,"André Noll Barreto"
2185,"Fumiyuki Adachi"
2186,"Ashish James"
2187,"Roy S. Smith"
2188,"Bang Wang"
2189,"Markus V. S. Lima"
2190,"Hao He 0010"
2191,"Masato Okada"
2192,"Abbas Khosravi"
2193,"William J. Burger"
2194,"Paul V. Gratz"
2195,"Rujie Liu"
2196,"Kai-Wei Chang"
2197,"Di Wang"
2198,"Ling Qian"
2199,"Stylianos Basagiannis"
2200,"Daniele Riccio"
2201,"Shalabh Gupta"
2202,"Scott Miller"
2203,"William Perrie"
2204,"Abhiroop Bhattacharjee"
2205,"Fugen Jiang"
2206,"Thomas F. Varley"
2207,"Jaeyoo Park"
2208,"Emmanuelle Salin"
2209,"Martin Vastl"
2210,"Paria Rashidinejad"
2211,"Xiangen Chen"
2212,"Matteo Nannini"
2213,"Victor D. Navarro-Sanchez"
2214,"Heewon Kim"
2215,"Zengfeng Huang"
2216,"Lei Zhang"
2217,"Paulo S. R. Diniz"
2218,"Jean-Jacques Berthelier"
2219,"Simone Pettinato"
2220,"Jakov V. Toporkov"
2221,"Djamal-Eddine Meddour"
2222,"Kai Qin"
2223,"Tim J. Malthus"
2224,"Junshi Xia"
2225,"Slawomir Lasota 0001"
2226,"Jocelyn Chanussot"
2227,"Dmitrii Murashkin"
2228,"Heesook Woo"
2229,"Mina Al-Saad"
2230,"Jiaping Zhong"
2231,"Nour Aburaed"
2232,"Phan Tran Dac Thinh"
2233,"Guillaume Lassalle"
2234,"Jiuli Liu"
2235,"Efthimios Tsiogas"
2236,"Kazem Bakian-Dogaheh"
2237,"Peter Kettig"
2238,"Maja Musse"
2239,"Heejeong Seo"
2240,"Daniel G. Tiglea"
2241,"Daniel De Lisle"
2242,"David Marzi"
2243,"Abdou Rachid Bah"
2244,"Osmar Abílio de Carvalho Júnior"
2245,"Patty Arunyavikul"
2246,"Usama Saqib"
2247,"Kwang Seok Kwon"
2248,"Samson G. Mengistu"
2249,"Saikrishna C. Kanala"
2250,"Hong Xuan Trinh"
2251,"Erfaun Noorani"
2252,"Lap Quoc Kieu"
2253,"Tedros M. Berhane"
2254,"Tu Trong To"
2255,"Xin-Zhong Liang"
2256,"Yingbin Liu"
2257,"Christian H. Ritz"
2258,"Keivan Navaie"
2259,"Valentyn A. Tolpekin"
2260,"Wei Zhang"
2261,"Ronald Muellerschoen"
2262,"Feng Gao 0009"
2263,"Emmett J. Ientilucci"
2264,"Biswajeet Pradhan"
2265,"Vassilios Tsiaras"
2266,"Xianwen Ding"
2267,"Emiliano Ceraldi"
2268,"Takeshi Motohka"
2269,"Qinyu Zhang 0001"
2270,"Chuang Li 0001"
2271,"Wesley K. Berg"
2272,"Dimos V. Dimarogonas"
2273,"Sidnei J. S. Sant'Anna"
2274,"Antoni Viros i Martin"
2275,"Mozhdeh Rouhsedaghat"
2276,"Paul-Gauthier Noé"
2277,"Leon Witzman"
2278,"Uchenna Daniel Ani"
2279,"Xiefu Zhang"
2280,"Xiaosong Li"
2281,"Dongmei Yan"
2282,"Chuang Lin"
2283,"Marco Raggio"
2284,"Marijn van Vliet"
2285,"Alireza Ramezani"
2286,"Xin Luo"
2287,"Bala Krishnamoorthy"
2288,"Kamer Kaya"
2289,"Laura Sebastia"
2290,"Paco López-Dekker"
2291,"Roberto Arnaldo Trancoso Gomes"
2292,"Qingyun Wang 0002"
2293,"Hyung-Jeong Yang"
2294,"Gustavo Carneiro"
2295,"Kannan Ramchandran"
2296,"Rui L. Aguiar"
2297,"Surya S. Durbha"
2298,"Thomas Stehle"
2299,"Sheng Zhong 0001"
2300,"Pieter Beckers"
2301,"Alexander G. Voronovich"
2302,"Jian Ding"
2303,"Saulo Martiello Mastelini"
2304,"Matteo Nardello"
2305,"Alice Lucas"
2306,"Liangpei Zhang 0001"
2307,"David Braaten"
2308,"Jie Yang 0040"
2309,"Yi-Dong Shen"
2310,"Guangjian Yan"
2311,"Guoxin Zhang"
2312,"Adriana Hava"
2313,"Ting Wang"
2314,"Christophe Bourlier"
2315,"Manish Aasawat"
2316,"Thomas B. Moeslund"
2317,"Danan Dong"
2318,"Jie Yang"
2319,"Tadeu N. Ferreira"
2320,"Huili Gong"
2321,"Tao Niu"
2322,"Richard L. Lewis"
2323,"Mingliang Tao"
2324,"Alexandr Kozlov"
2325,"Virender Ranga"
2326,"Luiz Gonzaga Jr."
2327,"Jan Leike"
2328,"Bo Ping"
2329,"Charly Ferrandes"
2330,"Dylan J. Fitzpatrick"
2331,"Xing-Chao Cui"
2332,"Tina Campana"
2333,"Vivien Cabannes"
2334,"Aditya Gopalan"
2335,"Si-Wei Chen"
2336,"Thomas J. Jackson"
2337,"Georgios Kakaletris"
2338,"Jason Baldridge"
2339,"Reyna Carolina Medina Ramírez"
2340,"Essam Heggy"
2341,"Xiuping Jia"
2342,"Yuhang Zhang 0002"
2343,"Jianping Ma"
2344,"Yongchao Zhang 0001"
2345,"Ahmad Safari"
2346,"Steve Iris"
2347,"Ben Niu 0001"
2348,"Vishwanath Venkataraman"
2349,"Prashanth L. A."
2350,"Lin Tian"
2351,"Elisa Trasatti"
2352,"Miguel Couceiro"
2353,"Valentin Sgarciu"
2354,"Rebecca Eynon"
2355,"Haibo Hu"
2356,"Mingyang Yue"
2357,"Finnian Kelly"
2358,"Qi Tian 0001"
2359,"Zi Wang 0004"
2360,"Jason Wu"
2361,"Anthony B. Davis"
2362,"Dror Aiger"
2363,"Amir E. Azar"
2364,"Alphan Altinok"
2365,"Gonzalo R. Arce"
2366,"Géza Németh"
2367,"Krzysztof Choromanski"
2368,"Qing Zhao"
2369,"Fernando Escobar"
2370,"Shuo Yang 0003"
2371,"Terhikki Manninen"
2372,"Csaba Zainkó"
2373,"Gerardo Herrera"
2374,"An Zhang 0004"
2375,"René Roland Colditz"
2376,"Flavio Iturbide-Sanchez"
2377,"Taha Yasseri"
2378,"Henrik Schopmans"
2379,"Kai-Jui Chen"
2380,"Houssam Metni"
2381,"Divyanshi Dwivedi"
2382,"Clint van Hoesel"
2383,"Luca Torresi"
2384,"Pradeep Kumar Yemula"
2385,"Marlen Neubert"
2386,"Chayan Kumar Paul"
2387,"Sergio L. Netto"
2388,"Francois Fagan"
2389,"Benoit Montpetit"
2390,"Yaqun Huang"
2391,"Satyakama Paul"
2392,"Yuanzhong Xu"
2393,"Friedrich Fraundorfer"
2394,"Henryk Michalewski"
2395,"Nicolas N. Baghdadi"
2396,"Junghoon Suh"
2397,"Giovanni Milillo"
2398,"JungSook Kim"
2399,"James Harrison"
2400,"Reza Khanbilvardi"
2401,"Mohamed Marey"
2402,"Rui Zhang 0006"
2403,"Fazel Naghdy"
2404,"Zhihong Gao"
2405,"Steven M. Gross"
2406,"Bhiksha Raj"
2407,"Giuseppe Angino"
2408,"Fabio Cuzzolin"
2409,"Koichi Niijima"
2410,"Shigeo Morishima"
2411,"Dennis DeCoste"
2412,"Yinfei Yang"
2413,"Darcey Riley"
2414,"Nanyun Peng"
2415,"Christoph Paulik"
2416,"Yusuke Iwasawa"
2417,"Pedram Ghamisi"
2418,"Maria A. Louka"
2419,"Sebastian Hahn 0002"
2420,"Bruno Sixou"
2421,"Xuhui Fan"
2422,"Tuncer Baykas"
2423,"Cui Li"
2424,"Kasun T. Hemachandra"
2425,"John S. Zelek"
2426,"Gabriel Vasile"
2427,"Xiaoke Ma"
2428,"James L. Carr"
2429,"Wenbo Xu 0004"
2430,"Quanlin Ma"
2431,"Saïd Moussaoui"
2432,"Malcolm D. Macleod"
2433,"Giovanni Abramo"
2434,"Satoshi N. Suzuki"
2435,"Gabriel-Miro Muntean"
2436,"Fei Chen"
2437,"Luxin Yan"
2438,"Qisong Jiao"
2439,"Jianchun Zheng"
2440,"Nivedita Nukavarapu"
2441,"Jackson Kimani"
2442,"Deqing Mao"
2443,"Erik Derner"
2444,"William E. Asher"
2445,"Nader Akoury"
2446,"Isabel Martin"
2447,"Zijin Zhang"
2448,"Fernando Monjas"
2449,"Xingang Pan"
2450,"Pietro Mastro"
2451,"Dow Drake"
2452,"Andres Solana"
2453,"Luciana Spinelli de Araujo"
2454,"Joseph Ortiz"
2455,"Robert Stachnik"
2456,"Jinwang Wang"
2457,"Marcio R. da Silva"
2458,"Wenqiang Yi"
2459,"Fabiane Bordin"
2460,"Siqi Yi"
2461,"Federico Chiariotti"
2462,"Guee-Sang Lee"
2463,"Ioannis Kostavelis"
2464,"Weihua Chen"
2465,"Tianxing Wang"
2466,"Maryline Laurent"
2467,"Ludovic Villard"
2468,"Grace Hui Yang"
2469,"Dedong Zhang"
2470,"Ruihong Zhang"
2471,"Edwin H. F. van Asseldonk"
2472,"Alan B. Tanner"
2473,"Zhijian Liu"
2474,"Yan Wu 0001"
2475,"Ioannis D. Schizas"
2476,"Oliver Kroemer"
2477,"Andre Hollstein"
2478,"Mohit Sharma"
2479,"Na Deng"
2480,"Wen Huang"
2481,"Néstor Osvaldo Pérez-Arancibia"
2482,"Joachim Schöberl"
2483,"Toon van Waterschoot"
2484,"Pingxiang Li"
2485,"Frantisek Baluska"
2486,"Mingsong Li"
2487,"Sergey Novoselov"
2488,"Yonghong Yan 0002"
2489,"Peter Petrov"
2490,"Mayank Singh 0002"
2491,"Huiying Liu"
2492,"Holger Kantz"
2493,"Ondrej Chum"
2494,"Yakoub Bazi"
2495,"Farshad Shams"
2496,"Lili Li"
2497,"Lei Deng"
2498,"Robert P. Carlyon"
2499,"Dante Mújica-Vargas"
2500,"Christian D. Kummerow"
2501,"Valérie Ciarletti"
2502,"Alexander Damm"
2503,"Fabio Covello"
2504,"Kun Zhang 0015"
2505,"Shunping Xiao"
2506,"Yongil Kim"
2507,"Yiming Pi"
2508,"Charles C. Zhou"
2509,"Nenghai Yu"
2510,"Tachio Terauchi"
2511,"Ifrit Jamal Sneha"
2512,"Ramisa Anan"
2513,"Shay Strong"
2514,"Elizabeth Antora Modhu"
2515,"Jim Thomas 0001"
2516,"Arjun Suter"
2517,"Jon Kobashigawa"
2518,"Adil Rasheed"
2519,"Midia Yousefi"
2520,"Jana Faganeli Pucer"
2521,"Daniel Luthringer"
2522,"Yifei Ren"
2523,"Ammar Mian"
2524,"Ioannis Pitas"
2525,"Robert J. Plemmons"
2526,"Clément M. Gosselin"
2527,"Antonio J. Plaza"
2528,"Katarzyna E. Paluch 0001"
2529,"Ala I. Al-Fuqaha"
2530,"Venkat Lakshmi"
2531,"Fabio Bovenga"
2532,"Zhiqiang Yang"
2533,"Hongli Xu"
2534,"Aliaksei Makarau"
2535,"Lixia Liu"
2536,"Tao Xiang"
2537,"Yuval Elias"
2538,"Yadong Zhou"
2539,"Anastasios Tefas"
2540,"Michael Fenton"
2541,"Vasile Lazarescu"
2542,"An-Bang Liu"
2543,"Arun Avudainayagam"
2544,"Boon H. Lim"
2545,"Leticia I. Gómez"
2546,"Francesca Bovolo"
2547,"Rolf A. de By"
2548,"Ruth S. DeFries"
2549,"Gabriel Porto Villardi"
2550,"Parisa Babaheidarian"
2551,"Juanle Wang"
2552,"Rapinder Sawhney"
2553,"Sivaprasad Gogineni"
2554,"Chao Pan"
2555,"Jonathan W. Pillow"
2556,"Graziano Marano"
2557,"Si Wei"
2558,"Weinan E"
2559,"Yoshikazu Iikura"
2560,"Bruno Demissie"
2561,"Jiahao Tian"
2562,"David J. Daniels"
2563,"Xianyang Gao"
2564,"Wouter Van Verre"
2565,"AprilPyone MaungMaung"
2566,"Benjamin Estermann"
2567,"Vladimir N. Chernega"
2568,"Antonio Molina Lovett"
2569,"Abhishek Moitra"
2570,"Eoin Brophy"
2571,"Kunchao Lei"
2572,"Zhengkai Jiang 0001"
2573,"Oleksandra Savchenko"
2574,"Xinglong Li"
2575,"Wenkun Yu"
2576,"Xuejun Qian"
2577,"Parivash Lumsdon"
2578,"William P. Kustas"
2579,"Zhiyong Chen 0002"
2580,"Dorabella M. S. Santos"
2581,"Naomi Harte"
2582,"Erik Hemberg"
2583,"K. Kirk Shung"
2584,"Jian Shao"
2585,"Jiaoyan Chen"
2586,"Peng Su"
2587,"Mauricio Ayala-Rincón"
2588,"Pål Halvorsen"
2589,"Jiashi Feng"
2590,"Atish Agarwala"
2591,"Yikun Cheng"
2592,"Boyuan Pan"
2593,"Tiziano Bacci"
2594,"Nhat Ho"
2595,"Sam Nolen"
2596,"Shane Legg"
2597,"Xiufang Zhu"
2598,"Rongyuan Liu"
2599,"Xiao-Ming Li"
2600,"Frédéric Prost"
2601,"Xuehong Chen"
2602,"Gang Yang 0006"
2603,"Aaron D. Sterling"
2604,"Wen Chen 0006"
2605,"Nicolas Moreau"
2606,"Raghupathy Sivakumar"
2607,"Daniele Nantes-Sobrinho"
2608,"Yoshiyuki Kabashima"
2609,"Ole Winther"
2610,"Byung Guk Kim"
2611,"Iulian Nita"
2612,"Xuesong Wang 0003"
2613,"Craig Pelissier"
2614,"Ronglin Tang"
2615,"A. Krishnan"
2616,"Cheng-Hao Kuo"
2617,"Naira Hovakimyan"
2618,"Alexandre Langlois"
2619,"Tung Pham 0001"
2620,"Gabriel Caffarena"
2621,"Stefanie Jegelka"
2622,"C. Sasidhar"
2623,"Vipul Goyal"
2624,"Eric Koskinen"
2625,"Anthony G. Christodoulou"
2626,"Jinying Wang"
2627,"Jianbing Shen"
2628,"Xuejun Zhang"
2629,"Shiqian Wu"
2630,"Shengjin Wang"
2631,"David Levin"
2632,"Takayuki Baba"
2633,"Corina Vaduva"
2634,"Yonatan Bisk"
2635,"Sagar Malhotra"
2636,"Marco Luise"
2637,"Yundi Wu"
2638,"Nicholas A. Roy"
2639,"Dimitri Percia David"
2640,"Chengyue Gong"
2641,"Alain Mermoud"
2642,"Gaston E. Zanitti"
2643,"Yu-Hsi Cheng"
2644,"Zoe Ashwood"
2645,"Zhuocong Li"
2646,"Petros Elia"
2647,"William Puech"
2648,"Elyes Ben Hamida"
2649,"Zicheng Huang"
2650,"Aubrey Jaffer"
2651,"Guy D'Urso"
2652,"Guixin Zhong"
2653,"Nadiya Muratova"
2654,"Yue Hu"
2655,"Aurelio Uncini"
2656,"Wen Hong"
2657,"Shu-Chuan Shih"
2658,"Zhiguo Shi 0001"
2659,"Yrjö Rauste"
2660,"Jeffrey Uhlmann"
2661,"Hongyu Liang"
2662,"Amey Hengle"
2663,"Rutuja Udyawar"
2664,"Gala Stojnic"
2665,"Moira R. Dillon"
2666,"Mayukha Pal"
2667,"Jens Van Nooten"
2668,"Kazushi Aiba"
2669,"Matt Purslow"
2670,"Xin-Zheng Lu"
2671,"Zheng Gong"
2672,"Suocheng Dong"
2673,"Shuo Huang"
2674,"Steve Hailes"
2675,"Jonathan Li 0001"
2676,"Li Xu"
2677,"Li Xu 0001"
2678,"Sofiène Affes"
2679,"Huaze Gong"
2680,"Adín Ramírez Rivera"
2681,"K. Yang"
2682,"Masato Yamazaki"
2683,"Konstantinos P. Papathanassiou"
2684,"Guijun Yang"
2685,"Chico Q. Camargo"
2686,"Kaiwen Wang"
2687,"Xu Zou"
2688,"Jiasheng Tang"
2689,"Christopher T. Nguyen"
2690,"Chunxiang Cao"
2691,"Srinivasu Pappula"
2692,"Yann Gousseau"
2693,"Borching Su"
2694,"Zhenyu Zhou"
2695,"Ziyang Meng"
2696,"Sau-Hsuan Wu"
2697,"Alessandro Coletta"
2698,"Zhaoda Zhu"
2699,"Lalit Kumar"
2700,"Daniel Corujo"
2701,"Mort Naraghi-Pour"
2702,"Gunnar Spreen"
2703,"Robert Babuska"
2704,"Andrew Gordon Wilson"
2705,"Daniela Stroppiana"
2706,"Lifeng Shen"
2707,"Xu Zhu 0001"
2708,"Alina Sîrbu"
2709,"Xiao Du"
2710,"Stefano Tebaldini"
2711,"Hui Lu 0003"
2712,"Nikolaos Thomos"
2713,"Jaime S. Cardoso 0001"
2714,"Shuicheng Yan"
2715,"Kwan L. Yeung"
2716,"John D. Long"
2717,"Chaker El Amrani"
2718,"Moein Shayegannia"
2719,"Timothy J. Gundert"
2720,"Sailes K. Sengupta"
2721,"Marianne J. Floor-Westerdijk"
2722,"Jaap H. Buurke"
2723,"Ken Elkabany"
2724,"Weiguang Yang"
2725,"John G. Webster"
2726,"David S. Marks"
2727,"Masaya Abe"
2728,"Yimin Yao"
2729,"Subramaniam Venkatraman"
2730,"James Robinson"
2731,"Guillaume Ginolhac"
2732,"René Garello"
2733,"Hélder P. Oliveira"
2734,"Chin-Sean Sum"
2735,"Sara Mattia"
2736,"Jian Zhang"
2737,"Yunqing Li"
2738,"John F. LaDisa Jr."
2739,"Fan Wu 0006"
2740,"Yusheng Shi"
2741,"Heguang Liu"
2742,"Richard A. Raines"
2743,"Jean-Stéphane Bailly"
2744,"Vaduvur Bharghavan"
2745,"Qihao Weng"
2746,"William J. Wilson"
2747,"D. Nevejans"
2748,"R. Vintila"
2749,"K. L. Harrison"
2750,"G. Bauche"
2751,"R. B. Follas"
2752,"Jo-Yu Lan"
2753,"Marcos Sirota"
2754,"Chihhao Yu"
2755,"Andrea W. Wang"
2756,"Eleanor A. Ketchum"
2757,"Fabrizio Piero Righetti"
2758,"Valentina Clementi"
2759,"Negin Kazemipourleilabadi"
2760,"A. Reinex"
2761,"F. Oro"
2762,"Joonil Choi"
2763,"Silvia Bonettini"
2764,"Pedro Frosi Rosa"
2765,"Stephen McAdams"
2766,"Emilio Chuvieco"
2767,"Toon Spanhove"
2768,"Janusz Wasowski"
2769,"Yuan Yao 0013"
2770,"Florent Krzakala"
2771,"Mohammad Shikh-Bahaei"
2772,"Aisheng Wu"
2773,"Sebastian Kreuzer"
2774,"Shihua Li 0002"
2775,"Steven Hicks"
2776,"Karishma Sharma"
2777,"Risto Vuorio"
2778,"Maxime Beauchamp"
2779,"Xuelun Shen"
2780,"Han Shi"
2781,"Yifan Du"
2782,"Athanasios Xygkis"
2783,"Banglei Guan"
2784,"AliReza Amiri-Simkooei"
2785,"Heather E. Golden"
2786,"Manoj Pandey"
2787,"Asif Ekbal"
2788,"Yinglei Teng"
2789,"Marco Prato"
2790,"Gang Sun"
2791,"Huadong Guo"
2792,"David A. W. Barton"
2793,"Garrey W. Rice"
2794,"Jaekwon Lee"
2795,"Tomasz Walen"
2796,"Zhao Jin"
2797,"Paulo Lobato Correia"
2798,"Hua Li 0005"
2799,"Kareem E. Baddour"
2800,"Jay Gopalakrishnan"
2801,"Bor-Chen Kuo"
2802,"Adrian Perez-Suay"
2803,"Dmitriy Morozov"
2804,"Jianan Lin"
2805,"Paul de Fraipont"
2806,"Eung Je Woo"
2807,"Bingnan Wang"
2808,"Emin Anarim"
2809,"Dan Chen 0005"
2810,"Song Han 0003"
2811,"Marcin Kubica"
2812,"Jinyun Fang"
2813,"Osamu Isoguchi"
2814,"Daniel Schulz"
2815,"Feiping Nie 0001"
2816,"Alfonso Carlosena"
2817,"Xiaoling Zhang 0002"
2818,"Bin Xia 0001"
2819,"Magí Franquesa"
2820,"Yu-Ju Fu"
2821,"Kory Postma"
2822,"Brian Granneman"
2823,"Jesper Rindom Jensen"
2824,"Jin Soo Wang"
2825,"Victor Y. Pan"
2826,"Xu Liu"
2827,"Cathya Schoeser"
2828,"Chen Qiu"
2829,"Mengjiao Wang 0001"
2830,"Jang-Zern Tsai"
2831,"Vera M. A. Afreixo"
2832,"Kyle I. Murray"
2833,"Hui Liu"
2834,"C. Karen Liu"
2835,"Shuzo Kato"
2836,"Lionel C. Briand"
2837,"Mariarosaria Manzo"
2838,"Tamiki Komatsuzaki"
2839,"Ahmad Alsolaim"
2840,"Yong Li 0001"
2841,"Masaaki Nagahara"
2842,"Xiuping Zou"
2843,"Lionel Clermont"
2844,"Jonathan Shihao Ji"
2845,"Céline Michel"
2846,"Evan Nylen Dethier"
2847,"Yvan Stockman"
2848,"Uta Seidler"
2849,"Li-Wei Ko"
2850,"Meng Qu"
2851,"Aadirupa Saha"
2852,"Cho-Jui Hsieh"
2853,"Qing He"
2854,"Rafik Zayani"
2855,"Xiaowen Li"
2856,"Sami Muhaidat"
2857,"Gabriele Candiani"
2858,"Junyi Wang"
2859,"Michael A. Temple"
2860,"Abbas Yongaçoglu"
2861,"Julien Michel"
2862,"Xiang Gao"
2863,"Hao Long"
2864,"Wenhui Xu"
2865,"Fadl Mutaher Ba-Alwi"
2866,"Yannis Stylianou"
2867,"Xinyu Gao"
2868,"Hao Luo"
2869,"Karen O. Egiazarian"
2870,"Tarek A. El-Ghazawi"
2871,"Yuta Nakahara"
2872,"Akira Kamatsuka"
2873,"Darius Nahavandi"
2874,"Elie Cali"
2875,"Gustavo Taiji Naozuka"
2876,"Navid Mohajer"
2877,"Omar Montasser"
2878,"Samith Abeywickrama"
2879,"Xiaoqing Han"
2880,"Paulo Laerte Natti"
2881,"Daniel Barath"
2882,"Lin F. Yang"
2883,"Tingting Cai"
2884,"Galina Lavrentyeva"
2885,"Vahid Towhidlou"
2886,"Om Dipakbhai Thakkar"
2887,"Abdullah Pasa"
2888,"Nando de Freitas"
2889,"Kun Tan"
2890,"Wen Yang 0001"
2891,"Yasuo Konishi"
2892,"Derrick Wing Kwan Ng"
2893,"Saverio Bolognani"
2894,"Patrick J. Starks"
2895,"Wenyu Liu 0001"
2896,"Cai Liu"
2897,"Felix Totir"
2898,"Yinjie Lei"
2899,"Md. Shafiqul Islam"
2900,"Mohammad Azizur Rahman"
2901,"Ivano Barbieri"
2902,"Ricardo Oscar Rodríguez"
2903,"Yusu Wang 0001"
2904,"Vatche Isahagian"
2905,"Charles Ollion"
2906,"Huazhong Ren"
2907,"Gabriel Martín"
2908,"Wenbo Wang 0007"
2909,"Junyi Li"
2910,"Anthony J. Peyton"
2911,"Farid Melgani"
2912,"Vincent Roussarie"
2913,"Yibo Yang"
2914,"Krishna Mohan Buddhiraju"
2915,"Ming-Hung Wang"
2916,"Xiaobing Zhou"
2917,"Janet M. Anstee"
2918,"Mun Choon Chan"
2919,"Sungjin Kim"
2920,"Jun Hu 0005"
2921,"Shaoming Song"
2922,"Quang-Linh Nguyen"
2923,"Amera Abd-AlRahem"
2924,"Sergey Tarasov"
2925,"Zhongyuan Zhang"
2926,"Maribel Fernández"
2927,"Abhishek Verma"
2928,"Chao Sun"
2929,"Petter Ögren"
2930,"Ebrahim Bedeer"
2931,"Elizabeth Boschee"
2932,"Mustafa Cenk Gursoy"
2933,"Praneeth Netrapalli"
2934,"António Cunha"
2935,"Ove Edfors"
2936,"Teruya Fujii"
2937,"Lan Zhang 0007"
2938,"P. Babu"
2939,"Huanxin Zou"
2940,"Licheng Wang"
2941,"Yujiro Inouye"
2942,"Yang Zeng"
2943,"Zhou Lan"
2944,"Cheng Wang 0003"
2945,"Alfian Abdul Halin"
2946,"Eric Moulines"
2947,"Xuejin Sun"
2948,"Jamal Atif"
2949,"Ying-Chang Liang"
2950,"Gary Smith-Jonforsen"
2951,"Alister G. Burr"
2952,"Yunliang Li"
2953,"Yi Su"
2954,"Suya You"
2955,"Kanika Goel 0001"
2956,"Ayman Elezabi"
2957,"Lorenzo Busetto"
2958,"Paul D. Baxter 0001"
2959,"Emery D. Berger"
2960,"Masanobu Shimada"
2961,"Tao Zhou 0002"
2962,"Amitava Mukherjee 0001"
2963,"Chen Zhou"
2964,"Dmitry Dovnar"
2965,"Wei Lu 0011"
2966,"Omer Ozdil"
2967,"Jiancheng Shi 0001"
2968,"Mohammad Khosravi"
2969,"Yuxin Sun"
2970,"Brian P. Hawkins"
2971,"Dimitris Stratoulias"
2972,"Mahima Mehta"
2973,"Chunfeng Yuan"
2974,"Andrea Nascetti"
2975,"Bing Yao"
2976,"Xiaoyan Wang 0003"
2977,"Bo Wu 0019"
2978,"Naoki Ito"
2979,"Francesco Casu"
2980,"Daniel Roviras"
2981,"Liwei Wang 0001"
2982,"Chong Liu 0002"
2983,"Mingwei Shen"
2984,"Yindi Zhao"
2985,"Brenden M. Lake"
2986,"Peter Mason"
2987,"Éric Grivel"
2988,"Linna Chai"
2989,"Wei Bao"
2990,"Sofie Pollin"
2991,"Henrique Oliveira"
2992,"Xiya Zhang"
2993,"Wei Yao 0006"
2994,"Sang Hwa Lee"
2995,"Anand Louis"
2996,"Gulay Altay"
2997,"Robin L. Hoffer"
2998,"Xun Yang"
2999,"Brett J. Borghetti"
3000,"Konstantin Mikhaylov"
3001,"Sugata Sanyal"
3002,"Indra Narayan Kar"
3003,"Tan F. Wong"
3004,"Qiang Li"
3005,"Yufeng Li"
3006,"Mohammed Gharib"
3007,"Qingjie Liu"
3008,"Isabel Trancoso"
3009,"Jordi J. Mallorquí"
3010,"Abdorasoul Ghasemi"
3011,"Li Duan"
3012,"Chong Wang"
3013,"Shuai Yang"
3014,"Hongyu Li"
3015,"Qiang Li 0024"
3016,"Lin Su"
3017,"Long Yu"
3018,"Kim Dremstrup"
3019,"Giuseppe Thadeu Freitas de Abreu"
3020,"Yong Lin"
3021,"Zongxue Xu"
3022,"Xutao Li"
3023,"Wietske Bijker"
3024,"Hua Shi"
3025,"Atsuyoshi Nakamura"
3026,"Xiaotong Yuan"
3027,"Erik Visser"
3028,"H. Brendan McMahan"
3029,"Brendan McMahan"
3030,"Zhi Hai Mo"
3031,"Qingquan Li"
3032,"Alain Bonardi"
3033,"Hui Jiang 0001"
3034,"Sergi Duque"
3035,"Xianfeng Huang"
3036,"Mohamed-Slim Alouini"
3037,"Long Chen 0016"
3038,"Leandro Soares Indrusiak"
3039,"Costas S. Iliopoulos"
3040,"Nathan S. Netanyahu"
3041,"Juha Hyyppä"
3042,"Giorgio Franceschetti"
3043,"Samuel White"
3044,"Yihua Huang 0001"
3045,"Quanquan Gu"
3046,"Lorenzo Bruzzone"
3047,"Alberto Refice"
3048,"Yu Zhang"
3049,"Lei Yang 0046"
3050,"Wenliang Jiang"
3051,"Geert Leus"
3052,"Franz J. Meyer"
3053,"Paolo Villa"
3054,"Kuan Zhang"
3055,"Masaaki Ikehara"
3056,"Bo Li"
3057,"Lixin Zhang 0001"
3058,"Jan Schlüter"
3059,"Wen Song"
3060,"Jihua Wang"
3061,"Konstantinos Karantzalos"
3062,"Pablo Lecumberri"
3063,"J. David Ballester-Berman"
3064,"Wenqing Li"
3065,"H. Martin Schepers"
3066,"Teng Ma"
3067,"Ge Li 0002"
3068,"Zhimin Li"
3069,"Mark S. Seyfried"
3070,"Mutlu Koca"
3071,"Guey-Shya Chen"
3072,"Chris Dowden"
3073,"Hong Zhang 0001"
3074,"Wei Wei 0002"
3075,"Mark A. Sletten"
3076,"Hiroshi Unno 0001"
3077,"Yirong Wu"
3078,"Hikmet Sari"
3079,"Tamás Gábor Csapó"
3080,"Kuan-Hao Huang"
3081,"Yihong Wu"
3082,"Jiaqi Chen"
3083,"Sophie Dupuis"
3084,"Li-Hsiang Shen"
3085,"Xiao Qin 0003"
3086,"Xiaoying Shen"
3087,"Zhongzheng Ren"
3088,"Le Gan"
3089,"Mengying Xiao"
3090,"Congzhe Cao"
3091,"Vincent Corretja"
3092,"Manuela Veloso"
3093,"Dimitri Van De Ville"
3094,"Tasnim Sakib Apon"
3095,"Alex Shtoff"
3096,"Mohammed Al-Khalidi"
3097,"Chao Wang 0004"
3098,"Chanaka Singhabahu"
3099,"Michael Johanson"
3100,"Ziyao Guo"
3101,"Hao Li 0030"
3102,"Jonathan Bright"
3103,"Wataru Takeuchi"
3104,"Yannan Sun"
3105,"Haifeng Li 0007"
3106,"Alison L. Marsden"
3107,"Yueting Li"
3108,"Tianlin Wang"
3109,"Akihiko Sugiyama"
3110,"Zheng Zhou"
3111,"Siddharth Sharma"
3112,"Kian Pang Tan"
3113,"Hao Li 0029"
3114,"Quang Minh Nguyen"
3115,"Janusz Konrad"
3116,"Bin Cao 0003"
3117,"Kai Yang"
3118,"Jeff Holt"
3119,"Kyoung Mu Lee"
3120,"Georgios S. Paschos"
3121,"Stefano Ricciardi"
3122,"Hamid Rahkooy"
3123,"Xianjun Deng"
3124,"Tzu-Hsin Ho"
3125,"Muh-En Chiang"
3126,"Yunmei Zheng"
3127,"Wangsheng Yu"
3128,"Manon Kok"
3129,"Shen-Chung Lee"
3130,"Jiao Qin"
3131,"Rui Jia"
3132,"Polona Oblak"
3133,"Thiruvallur R. Gowrishankar"
3134,"Nabeel Gillani"
3135,"Xiaowei Jia"
3136,"Cuicui Ji"
3137,"Joel Ostblom"
3138,"Hilke Oetjen"
3139,"Bingshuai Li"
3140,"Hairuo Yu"
3141,"Celia Ramos-Palencia"
3142,"Juliána Chudá"
3143,"Iulia Coca Neagoe"
3144,"Martina Slámová"
3145,"Hanzhe Hu"
3146,"Christian El-Hajj"
3147,"Y. Thomas Hou"
3148,"Fei Huang"
3149,"Ian J. Hayes"
3150,"Eric Horvitz"
3151,"John M. Deeks"
3152,"Dennis Eschweiler"
3153,"Timo Sommer"
3154,"Hampei Sasahara"
3155,"Xi Peng"
3156,"Urs Wegmüller"
3157,"Jeffrey R. Piepmeier"
3158,"Costas Panagiotakis"
3159,"Carlos Guimarães"
3160,"Or Ordentlich"
3161,"Ping-Heng Kuo"
3162,"Qiao Xu"
3163,"Alan C. H. Ling"
3164,"Anders Christensen"
3165,"Kwon-Ho Lee"
3166,"Fatemeh Ghassemi"
3167,"Jubo Zhu"
3168,"Roberto Battiston"
3169,"Yifei Hao"
3170,"Jiaqi Wang"
3171,"Simone Atzori"
3172,"Valery Starovoitov"
3173,"John G. McWhirter"
3174,"Jonas Unger"
3175,"Mehrez Zribi"
3176,"Scott Hensley"
3177,"Shoulie Xie"
3178,"Zhiwen Tang"
3179,"Xiaoxue Jiang"
3180,"Xipeng Lan"
3181,"Rebeca Ferreira"
3182,"Xianzhe Xu"
3183,"I-Hung Hsu"
3184,"Lloyd Montgomery"
3185,"Neama Abdulaziz Dahan"
3186,"Emma Reading"
3187,"Ryuhei Hamaguchi"
3188,"Jinlin Liu"
3189,"Collins Leke"
3190,"Soheil Kolouri"
3191,"Pratyush Chakraborty"
3192,"Yu-Chia Chen"
3193,"Guimei Zheng"
3194,"Dezheng Zhao"
3195,"Morteza Hashemi"
3196,"Junkai Zhang"
3197,"Antonio Barbalau"
3198,"Maksym Balatsko"
3199,"Chunyuan Shao"
3200,"Tianhang Yang"
3201,"Zekui Qin"
3202,"Chengfei Lyu"
3203,"Boxiong Qin"
3204,"Peshal Agarwal"
3205,"Mingjian Gu"
3206,"Xiao Zhou"
3207,"Robert Bamler"
3208,"Haihao Lu"
3209,"Kyle D. Julian"
3210,"Luong Trung Nguyen"
3211,"Ariel A. Calderón"
3212,"Juan D. Correa"
3213,"Wujiao Dai"
3214,"Luong Viet Nguyen"
3215,"Janghoon Choi"
3216,"Xueting Ran"
3217,"Mohamed Mahmoud Amar"
3218,"Christal Jean-Soverall"
3219,"Peter Mlakar"
3220,"Bryan Ostdiek"
3221,"Ruiliu Fu"
3222,"Giuseppe Francesco De Luca"
3223,"Shijie Geng"
3224,"Fumitaka Ogushi"
3225,"Nevil Kodiyan"
3226,"Paul Romanczyk"
3227,"Sreejita Ghosh"
3228,"Hala Khalid AlJassar"
3229,"Liling Liu"
3230,"Mohamed Shuaib Ansari"
3231,"Dominique Dubucq"
3232,"Krzysztof Orzel"
3233,"Paolo Riccardi"
3234,"Fábio F. Gama"
3235,"Tiziana Scopa"
3236,"Burcu Karagol Ayan"
3237,"Gino A. Chacon"
3238,"Victor E. Hansen"
3239,"Mitja Nikolaus"
3240,"Daniel Vasata"
3241,"Taha Atahan Akyildiz"
3242,"Xiangcheng Zheng"
3243,"Claire Theobald"
3244,"Tengteng Li"
3245,"Roberto Iuppa"
3246,"Patrick Reiser"
3247,"Ronaldo Araújo"
3248,"Or Malka"
3249,"Mohammad M. Al-Khaldi"
3250,"Omry Cohen"
3251,"Sungyong Baik"
3252,"Jianming Que"
3253,"Dylan Lusi"
3254,"Hong-Shuo Chen"
3255,"Crispulo Travieso-Rodriguez"
3256,"Kanishk Gandhi"
3257,"Gustavo Caran"
3258,"Michaela Brunner"
3259,"Nga Nhu Le"
3260,"Giorgia Franchini"
3261,"Nam Thang Ha"
3262,"Soma Bandyopadhyay"
3263,"Talfan Evans"
3264,"Pekka Laurila"
3265,"Sarra Alqahtani"
3266,"Daniele Ciani"
3267,"Theshani Nuradha"
3268,"Níckolas Castro Santana"
3269,"Jinglin Shi"
3270,"Kishore Kothapalli"
3271,"Etienne Gaudrain"
3272,"Grzegorz Stachowiak"
3273,"Kazuyoshi Yoshii"
3274,"Jie Zhang 0002"
3275,"Xiwu Zhan"
3276,"Daniel Selva"
3277,"Jie Zhang 0073"
3278,"Zhen Dai"
3279,"Keehang Kwon"
3280,"Sébastien Simoens"
3281,"Eric F. Vermote"
3282,"Yasushi Yamaguchi 0002"
3283,"Sen Ma"
3284,"Zineb Saidi"
3285,"Yong Wang"
3286,"Bartlomiej Blaszczyszyn"
3287,"Ken Sakurada"
3288,"Albert Ortiz"
3289,"Rongxing Lu"
3290,"Qinmin Wang"
3291,"Xinyu Li"
3292,"Yufei Jiang"
3293,"Junichi Susaki"
3294,"Martin Benes 0001"
3295,"Fan Wang"
3296,"Xiaofang Zhao"
3297,"Sang-Woo Kim"
3298,"Augusto Neto 0001"
3299,"Guohong Zhang"
3300,"Murtaza Dalal"
3301,"Alexander Ku"
3302,"Tomoki Emmei"
3303,"Scott Fujimoto"
3304,"Dheeraj Nagaraj"
3305,"Guihai Chen"
3306,"Vladimir Katkovnik"
3307,"Ruiliang Pu"
3308,"Rehab F. Abdel-Kader"
3309,"Audrey Dussutour"
3310,"Nitin Vats"
3311,"Xiaotao Chang"
3312,"Kamal Taha"
3313,"Phil G. Howlett"
3314,"Chunlei Yang"
3315,"David Meger"
3316,"Makoto Kotani"
3317,"Hechuan Wang"
3318,"Magda Friedjungová"
3319,"Xin Qin"
3320,"Gino Casassa"
3321,"Daniel Link 0001"
3322,"Hiroki Iimori"
3323,"Bernd Sierk"
3324,"Vladimir Kocharovsky"
3325,"Matthias H. Braun"
3326,"Mijun Zou"
3327,"Jeya Vikranth Jeyakumar"
3328,"Shaoquan Jiang"
3329,"Halim Yanikomeroglu"
3330,"Gerardo I. Simari"
3331,"Florence Tupin"
3332,"Sükrü Ozan"
3333,"Hyangsun Han"
3334,"Raúl Zurita-Milla"
3335,"Luca Martino"
3336,"Hoang Dau"
3337,"Mikko Vastaranta"
3338,"Rafael Molina 0001"
3339,"Steven A. Rogacki"
3340,"Thomas Ruhtz"
3341,"Feliz K. Karnadi"
3342,"Muhamad Ikbal"
3343,"Jia-Rui Lin"
3344,"Chang-An Liu"
3345,"Shlomo Yitzchaik"
3346,"SueYeon Chung"
3347,"Nina Gizzie"
3348,"Guylaine Collewet"
3349,"Arnur Nigmetov"
3350,"Szymon Dudycz"
3351,"Lisa Meilhac"
3352,"Kouhei Sekiguchi"
3353,"Reza Vaziri"
3354,"Masahiro Suzuki"
3355,"Octavia A. Dobre"
3356,"Gustau Camps-Valls"
3357,"Tong Yu 0007"
3358,"Prateek Jain 0002"
3359,"Akira Iwasaki"
3360,"Alejandro Ribeiro"
3361,"Alexandra Georges Konings"
3362,"Chaofeng Fu"
3363,"George Xian"
3364,"Andrew Branson"
3365,"Nicola Conci"
3366,"Jianqiang Ren"
3367,"Qiaozhi Li"
3368,"Jurij F. Tasic"
3369,"Bingqing Huang"
3370,"Shuai Bai"
3371,"Seda Camalan"
3372,"Raymond A. Yeh"
3373,"Shijia Li"
3374,"Khaled Koutini"
3375,"Nanyu Li"
3376,"Louay Elmorsy"
3377,"Haoming Yan"
3378,"Amro Alabsi Aljundi"
3379,"Lingxiao Huang"
3380,"Christoph Miksovic"
3381,"Pengfei Wan"
3382,"Iman Moazzen"
3383,"Stefano Cosentino"
3384,"Vicken R. Vorperian"
3385,"Alexandra Bringer"
3386,"Xuan-Truc Nguyen"
3387,"Quentin Febvre"
3388,"Yash Savani"
3389,"E. K. Singer"
3390,"Tonghui Shen"
3391,"Soundarya Ramesh"
3392,"Zheng Qi"
3393,"Paul Ghanem"
3394,"Florian Henkel"
3395,"Lai Tian"
3396,"Donghee Son"
3397,"Stefan Forstenlechner"
3398,"Tianhan Zhang"
3399,"Yiguang Ju"
3400,"Jasmin Breitenstein"
3401,"Daiki Maruyama"
3402,"Hui Zhang 0051"
3403,"Jun Yang"
3404,"Evangelos Skartados"
3405,"Abdulrahman Baknina"
3406,"Kai Chen 0026"
3407,"Apoorva Sharma"
3408,"Cheng-Yen Chiang"
3409,"Jian Tang 0005"
3410,"Reza Naderpour"
3411,"George Tsatsaronis 0002"
3412,"Yeow Meng Chee"
3413,"Wei Chen 0034"
3414,"Deng Cai 0001"
3415,"Sébastien Gillard"
3416,"Jonghun Kwak"
3417,"Younggeun Kim"
3418,"Ceren Belhan"
3419,"D. Emre Tasar"
3420,"Semih Gülüm"
3421,"Oguzhan Ölmez"
3422,"M. Fatih Akca"
3423,"Umut Özdil"
3424,"Seçilay Kutal"
3425,"Yanxu Liu"
3426,"Yahong Chen"
3427,"Jay Kant Chaudhary"
3428,"Sourya Dey"
3429,"Mirko Piersanti"
3430,"Yu-Cheng Zhou"
3431,"Kevin T. Decker"
3432,"Michael Speckbacher"
3433,"Shruti Sachan"
3434,"Gexing Tian"
3435,"Puneet Agrawal"
3436,"Jing Yu Koh"
3437,"David Chapela-Campa"
3438,"Roberta Ravanelli"
3439,"Pascal Friederich"
3440,"Rowan Zellers"
3441,"Bharathkumar Ramachandra"
3442,"Shafi Goldwasser"
3443,"Ehud Gudes"
3444,"Manish Gupta 0001"
3445,"Jorge Peña Queralta"
3446,"Xiong-Hui Chen"
3447,"Mirko Zichichi"
3448,"Longlong Chang"
3449,"Gengxi Lu"
3450,"Michele Contu"
3451,"Quentin Legros"
3452,"Thomas Lew"
3453,"Tianfu Zhang"
3454,"Takayuki Matsuok"
3455,"Shashank Rajput"
3456,"Laiming Jiang"
3457,"Lukasz Cholewa"
3458,"Aodong Li"
3459,"Yuxuan Wu"
3460,"Simon Blum"
3461,"Erhan Davarci"
3462,"Bruno Loureiro"
3463,"Simone Scardapane"
3464,"Huishuai Zhang"
3465,"Saliha Buyukcorak"
3466,"Farhad Nazari"
3467,"Qi Lu"
3468,"Tomás Maul"
3469,"Takeshi Kojima"
3470,"Chenglong Zhang"
3471,"Stephen J. Frasier"
3472,"Marc Moonen"
3473,"Bronislovas Kaulakys"
3474,"Marc Antonini"
3475,"Marie-Céline Bezat"
3476,"Larry E. Hipps"
3477,"Vahida Attar"
3478,"Yingjie Zhou"
3479,"Lauri Korhonen"
3480,"Ping Song"
3481,"Che-Wei Lin"
3482,"Tao Hu"
3483,"Alexey Dosovitskiy"
3484,"Bayes Ahmed"
3485,"David Lowe"
3486,"Afroza Shirin"
3487,"Marion J. Lee"
3488,"Subhabrata Paul"
3489,"Zhiqiang Tao"
3490,"Xiaoxi Li"
3491,"Angel Santamaria-Navarro"
3492,"Ziqiong Liu"
3493,"Ping Zhang 0003"
3494,"Dimitris S. Papailiopoulos"
3495,"Michael Paul Gough"
3496,"Bin Yang 0009"
3497,"Yushuang Zhang"
3498,"Xiufeng Yang"
3499,"Corina C. Freitas"
3500,"Sidharth Jaggi"
3501,"Debra K. Meyer"
3502,"Iasson Karafyllis"
3503,"Dinesh Rajan"
3504,"Tuomo Auer"
3505,"Warren B. Cohen"
3506,"Sonia Aïssa"
3507,"Oliver Lang"
3508,"Qingqing Hong"
3509,"Maurício Roberto Veronez"
3510,"James Trimble 0001"
3511,"Elizabeth Stephenson"
3512,"Shivam Sharma"
3513,"Vahideh Saeidi"
3514,"Chisheng Wang"
3515,"Zuohui Fu"
3516,"Robert Mendris"
3517,"Randy Kuang"
3518,"Ivan Horváth"
3519,"Weiming Zhang 0001"
3520,"Fenghua Li"
3521,"Zhihui Wei"
3522,"John M. Beggs"
3523,"Yuliya I. Troitskaya"
3524,"Ameeth Sharma"
3525,"Samira Ebrahimi Kahou"
3526,"Peijun Li"
3527,"Tao Wu"
3528,"Yuhua Wu"
3529,"Panagiotis Katsaros"
3530,"Sanghack Lee"
3531,"Steven C. Reising"
3532,"Jun Wu"
3533,"Hrant Khachatrian"
3534,"Antonio Moccia"
3535,"Jin Li"
3536,"Jianchao Wang"
3537,"John J. Shynk"
3538,"Jordi Muñoz-Marí"
3539,"Martin van Leeuwen"
3540,"Johan Dahlin"
3541,"Jing Liao 0001"
3542,"Zeyu Zheng"
3543,"Jin Li 0009"
3544,"Lei Cheng"
3545,"Eduardo M. Nebot"
3546,"Marco Starace"
3547,"Iku Nemoto"
3548,"Xue Chen 0003"
3549,"Tamás Sarlós"
3550,"Chao Shen 0001"
3551,"Xue Chen 0001"
3552,"Shuguang Cui"
3553,"Pierre Borderies"
3554,"Pauline Stenberg"
3555,"Andrew Pombortsis"
3556,"Leszek Aleksander Kolodziejczyk"
3557,"Bin Cheng"
3558,"Huy Nguyen"
3559,"Josep Closa"
3560,"Clement Albinet"
3561,"Françoise Peyrin"
3562,"Qi Jiang"
3563,"Bjorn H. Lambrigsten"
3564,"Li-Rong Dai 0001"
3565,"Vince D. Calhoun"
3566,"Eugenio Gorgucci"
3567,"Antônio Heriberto de Castro Teixeira"
3568,"Hector Nieto"
3569,"Nuno Carvalhais"
3570,"Ricardo G. Andrade"
3571,"Daniel de C. Victoria"
3572,"Fabian Gans"
3573,"Janice F. Leivas"
3574,"Matthew Rigge"
3575,"Thomas P. Higginbottom"
3576,"Husam Abdulrasool H. Al-Najjar"
3577,"Zixiu Wang"
3578,"Hongzhen Zhang"
3579,"Marie-Hélène Rio"
3580,"Tara Bartlett"
3581,"Dalia Papuc"
3582,"Xingli Qin"
3583,"Elizabeth A. Stone"
3584,"Jiangping Long"
3585,"Syed Zohaib Hassan"
3586,"Troy J. Ames"
3587,"Sixian Wang"
3588,"Dajiang Zhou"
3589,"Xiaoqing Li"
3590,"Songbo Wu"
3591,"Stephen P. Palm"
3592,"Haikel Hichri"
3593,"Motoyuki Sato"
3594,"Hamza Ghani"
3595,"Zhe Zhu"
3596,"Andrei Yu. Zinovyev"
3597,"Lars M. H. Ulander"
3598,"Naoto Yokoya"
3599,"James P. Gleeson"
3600,"Nazzareno Pierdicca"
3601,"Federico Pernici"
3602,"John M. Shea"
3603,"Brenton Watkins"
3604,"Jincheng Dai"
3605,"Yisen Wang 0001"
3606,"Francisco M. W. Tognoli"
3607,"Gustav Wikstrom"
3608,"Ryota Yoshihashi"
3609,"Michelle Effros"
3610,"Jakub Radoszewski"
3611,"KyoungBok Sung"
3612,"Christopher S. Ruf"
3613,"Hong Ji 0001"
3614,"Hiroyuki Ishigaki"
3615,"Imed Riadh Farah"
3616,"Zhanchuan Cai"
3617,"Dirk Schuettemeyer"
3618,"Vygintas Gontis"
3619,"Yanchao Zhang"
3620,"Shiping Zhu"
3621,"Homayoun Yousefi'zadeh"
3622,"Paolo Ventura"
3623,"Thomas Gschwind"
3624,"Chenglong Li"
3625,"Stefano Salvi"
3626,"Tazio Strozzi"
3627,"Peidong Jin"
3628,"Satinder Singh 0001"
3629,"Markus Reichstein"
3630,"Henrik Sahlin"
3631,"Hao Liu 0001"
3632,"Hiroshi Kimura"
3633,"Jetendr Shamdasani"
3634,"Ryszard Stasinski"
3635,"Hyuk Park 0001"
3636,"Kiyotaka Kohno"
3637,"Jinling Song"
3638,"Xiaolei Wang"
3639,"Anuj Karpatne"
3640,"Tien Dat Pham 0001"
3641,"Ali-akbar Agha-mohammadi"
3642,"Min Xu 0007"
3643,"Lukasz Jez"
3644,"Xuan Feng"
3645,"Bruce Chapman"
3646,"Hing-Cheung So"
3647,"Renato Candido"
3648,"Giorgos Tolias"
3649,"Philip Derbeko"
3650,"Xin Li"
3651,"Beibei Kong"
3652,"Xiliang Ni"
3653,"Essam A. Sourour"
3654,"Nojun Kwak"
3655,"Zikuan Chen"
3656,"Lynda Bouchemakh"
3657,"Tee-Ann Teo"
3658,"Yingcai Wu"
3659,"Abhay Karandikar"
3660,"José Portelo"
3661,"Asoke K. Nandi"
3662,"Xinyu Mao"
3663,"Elias Symeonakis"
3664,"Aaron J. Ridley"
3665,"Yong Hu"
3666,"Lili Jiang 0001"
3667,"Mehdi Mhalla"
3668,"Xu Song"
3669,"Telex Magloire Nkouatchah Ngatched"
3670,"Sunil Kumar Kopparapu"
3671,"Lu Ye"
3672,"Xiaofeng Li 0001"
3673,"Ye Liang"
3674,"Kaito Shimamura"
3675,"Shaoru Chen"
3676,"Gunjan Baid"
3677,"Sravan Bodapati"
3678,"Junzhe Zhu"
3679,"Jingfan Chen"
3680,"Gilbert Rochon"
3681,"Xiaochun Lei"
3682,"Yanning Guan"
3683,"Jun Long"
3684,"Jin Cao"
3685,"Qingwen Qi"
3686,"Dong Wang 0013"
3687,"Andrea Zanella"
3688,"Yiping Chen"
3689,"Ivana Zinno"
3690,"Zongming Wang"
3691,"Tian Sheuan Chang"
3692,"Xiang Ding"
3693,"Seong Ro Lee"
3694,"Pauli Kuosmanen"
3695,"Mihai Datcu"
3696,"Prem Natarajan"
3697,"Mohamed Ben Ahmed"
3698,"Yaoxin Wu"
3699,"Methun Kamruzzaman"
3700,"David D. Fan"
3701,"Ting Pan"
3702,"Jean-Philippe Thiran"
3703,"Éva Tardos"
3704,"Reuben S. Son"
3705,"Mingmou Liu"
3706,"Aleksander Kljucevsek"
3707,"Saeed Anwar"
3708,"Maximilian Soelch"
3709,"Brian Bullins"
3710,"Chaoyue Niu"
3711,"Mubarak Shah"
3712,"Slawomir Stanczak"
3713,"Tuomas Sandholm"
3714,"Kang G. Shin"
3715,"Xuemin Shen"
3716,"Petre Stoica"
3717,"Luciano Serafini"
3718,"Mani B. Srivastava"
3719,"Tapio Saramäki"
3720,"Padhraic Smyth"
3721,"Daniel Sage"
3722,"Miguel Rodríguez Santander"
3723,"Qidong Huang"
3724,"Carolien Toté"
3725,"Rameesh Paul"
3726,"David G. Clark"
3727,"Sabyasachi Gupta"
3728,"Min Hua"
3729,"Ronghang Zhu"
3730,"Ruimin Chen"
3731,"Qiong Yan"
3732,"Hyojin Park"
3733,"Omer San"
3734,"Chunqiang Wu"
3735,"Chengli Qi"
