"citer_id","cited_id"
0.0,331.0
0.0,537.0
1.0,873.0
1.0,850.0
1.0,577.0
1.0,456.0
1.0,533.0
2.0,909.0
2.0,576.0
2.0,429.0
2.0,563.0
3.0,330.0
3.0,822.0
3.0,736.0
3.0,136.0
3.0,821.0
3.0,638.0
3.0,527.0
3.0,660.0
3.0,716.0
4.0,990.0
4.0,689.0
4.0,543.0
4.0,647.0
4.0,510.0
4.0,162.0
4.0,915.0
4.0,690.0
4.0,135.0
4.0,979.0
4.0,816.0
5.0,653.0
5.0,95.0
5.0,808.0
5.0,127.0
5.0,585.0
6.0,742.0
6.0,68.0
7.0,591.0
7.0,538.0
7.0,598.0
7.0,803.0
7.0,792.0
7.0,821.0
7.0,846.0
7.0,983.0
7.0,878.0
7.0,720.0
7.0,546.0
8.0,882.0
8.0,916.0
8.0,253.0
8.0,226.0
8.0,447.0
8.0,675.0
9.0,580.0
9.0,514.0
9.0,447.0
9.0,767.0
9.0,963.0
9.0,978.0
9.0,917.0
9.0,331.0
9.0,749.0
9.0,688.0
9.0,773.0
10.0,888.0
10.0,190.0
10.0,33.0
10.0,398.0
11.0,203.0
11.0,356.0
11.0,510.0
11.0,98.0
11.0,649.0
11.0,709.0
11.0,996.0
11.0,849.0
12.0,880.0
12.0,872.0
12.0,878.0
12.0,405.0
12.0,975.0
12.0,279.0
12.0,900.0
12.0,672.0
13.0,54.0
13.0,560.0
14.0,761.0
14.0,276.0
14.0,525.0
15.0,835.0
15.0,276.0
15.0,855.0
15.0,861.0
16.0,613.0
16.0,480.0
16.0,717.0
16.0,436.0
17.0,3.0
18.0,187.0
18.0,318.0
18.0,809.0
18.0,359.0
18.0,246.0
18.0,827.0
18.0,306.0
18.0,738.0
19.0,448.0
19.0,137.0
19.0,46.0
19.0,535.0
19.0,518.0
19.0,599.0
19.0,752.0
21.0,114.0
21.0,190.0
21.0,191.0
21.0,800.0
22.0,709.0
22.0,683.0
22.0,744.0
22.0,766.0
22.0,290.0
22.0,79.0
22.0,636.0
22.0,912.0
22.0,799.0
23.0,249.0
23.0,705.0
23.0,661.0
24.0,623.0
24.0,863.0
24.0,545.0
25.0,603.0
25.0,989.0
25.0,937.0
26.0,326.0
26.0,216.0
26.0,566.0
26.0,948.0
27.0,671.0
27.0,954.0
27.0,289.0
27.0,538.0
27.0,706.0
27.0,853.0
27.0,745.0
28.0,224.0
28.0,305.0
28.0,857.0
28.0,633.0
28.0,930.0
28.0,57.0
29.0,637.0
29.0,541.0
30.0,107.0
30.0,916.0
31.0,861.0
32.0,874.0
32.0,394.0
32.0,634.0
32.0,976.0
33.0,624.0
33.0,935.0
34.0,407.0
34.0,855.0
34.0,289.0
34.0,95.0
34.0,623.0
34.0,476.0
34.0,920.0
34.0,128.0
35.0,915.0
35.0,85.0
35.0,466.0
36.0,859.0
36.0,19.0
36.0,787.0
36.0,123.0
36.0,443.0
37.0,909.0
37.0,456.0
37.0,634.0
37.0,741.0
38.0,66.0
39.0,962.0
40.0,860.0
40.0,55.0
42.0,822.0
42.0,623.0
42.0,622.0
42.0,902.0
42.0,880.0
42.0,818.0
42.0,253.0
42.0,142.0
44.0,30.0
44.0,391.0
44.0,865.0
44.0,667.0
44.0,604.0
44.0,55.0
44.0,46.0
44.0,917.0
44.0,993.0
44.0,787.0
44.0,785.0
45.0,20.0
45.0,713.0
46.0,839.0
46.0,636.0
46.0,542.0
46.0,512.0
46.0,987.0
46.0,816.0
46.0,908.0
46.0,363.0
46.0,919.0
46.0,720.0
46.0,620.0
46.0,311.0
47.0,311.0
47.0,299.0
48.0,216.0
48.0,72.0
48.0,997.0
48.0,581.0
48.0,338.0
48.0,950.0
48.0,983.0
48.0,285.0
49.0,464.0
49.0,806.0
49.0,546.0
49.0,330.0
49.0,503.0
49.0,17.0
50.0,561.0
50.0,848.0
50.0,330.0
50.0,538.0
50.0,907.0
50.0,185.0
50.0,983.0
51.0,963.0
51.0,758.0
51.0,824.0
51.0,202.0
51.0,191.0
51.0,86.0
51.0,482.0
52.0,673.0
52.0,634.0
52.0,279.0
52.0,766.0
52.0,615.0
53.0,350.0
53.0,62.0
53.0,601.0
53.0,74.0
53.0,3.0
53.0,723.0
53.0,608.0
53.0,656.0
53.0,628.0
54.0,501.0
54.0,622.0
54.0,356.0
54.0,509.0
54.0,634.0
54.0,635.0
54.0,749.0
55.0,509.0
55.0,503.0
56.0,725.0
57.0,749.0
57.0,638.0
57.0,864.0
57.0,456.0
57.0,954.0
57.0,816.0
57.0,889.0
57.0,635.0
58.0,562.0
58.0,777.0
58.0,263.0
58.0,608.0
58.0,687.0
58.0,586.0
59.0,509.0
61.0,2.0
62.0,982.0
62.0,689.0
62.0,162.0
62.0,613.0
62.0,546.0
62.0,42.0
62.0,308.0
62.0,486.0
63.0,428.0
63.0,910.0
63.0,575.0
63.0,890.0
63.0,593.0
64.0,306.0
66.0,860.0
66.0,808.0
66.0,391.0
66.0,543.0
67.0,305.0
67.0,882.0
67.0,178.0
69.0,205.0
70.0,389.0
71.0,584.0
71.0,286.0
71.0,761.0
71.0,954.0
71.0,839.0
71.0,765.0
71.0,834.0
72.0,113.0
72.0,638.0
72.0,675.0
72.0,247.0
72.0,774.0
72.0,903.0
72.0,117.0
73.0,533.0
73.0,937.0
73.0,887.0
73.0,49.0
73.0,27.0
73.0,855.0
73.0,470.0
73.0,565.0
73.0,907.0
74.0,923.0
74.0,576.0
74.0,510.0
74.0,690.0
74.0,429.0
74.0,589.0
74.0,820.0
75.0,148.0
75.0,112.0
75.0,163.0
76.0,638.0
76.0,224.0
76.0,103.0
76.0,889.0
76.0,459.0
77.0,606.0
77.0,57.0
77.0,537.0
77.0,916.0
77.0,330.0
78.0,777.0
80.0,267.0
80.0,86.0
80.0,913.0
80.0,640.0
81.0,615.0
81.0,884.0
81.0,899.0
81.0,793.0
81.0,930.0
81.0,642.0
81.0,896.0
82.0,524.0
82.0,22.0
83.0,575.0
83.0,567.0
83.0,904.0
83.0,871.0
83.0,207.0
83.0,93.0
83.0,775.0
84.0,954.0
85.0,894.0
85.0,307.0
85.0,574.0
85.0,657.0
85.0,624.0
85.0,46.0
86.0,738.0
86.0,391.0
86.0,869.0
86.0,559.0
86.0,326.0
86.0,27.0
86.0,436.0
86.0,429.0
86.0,20.0
87.0,132.0
87.0,370.0
87.0,946.0
87.0,746.0
88.0,705.0
88.0,564.0
88.0,919.0
88.0,847.0
88.0,821.0
88.0,931.0
88.0,466.0
88.0,712.0
88.0,242.0
88.0,979.0
88.0,661.0
89.0,537.0
89.0,23.0
89.0,467.0
89.0,114.0
90.0,274.0
90.0,82.0
90.0,573.0
90.0,710.0
90.0,306.0
90.0,551.0
90.0,139.0
90.0,81.0
90.0,716.0
91.0,898.0
91.0,661.0
91.0,896.0
91.0,598.0
91.0,766.0
91.0,812.0
91.0,918.0
92.0,689.0
93.0,742.0
93.0,997.0
93.0,937.0
93.0,605.0
93.0,543.0
93.0,363.0
93.0,679.0
93.0,720.0
93.0,530.0
93.0,521.0
93.0,139.0
93.0,920.0
93.0,622.0
93.0,307.0
93.0,930.0
93.0,880.0
93.0,914.0
94.0,709.0
94.0,723.0
94.0,3.0
94.0,874.0
94.0,712.0
94.0,683.0
94.0,979.0
94.0,915.0
94.0,658.0
95.0,719.0
95.0,581.0
95.0,732.0
95.0,588.0
95.0,418.0
95.0,400.0
95.0,973.0
95.0,154.0
96.0,493.0
96.0,824.0
96.0,731.0
97.0,55.0
97.0,839.0
97.0,326.0
97.0,759.0
97.0,887.0
97.0,771.0
98.0,661.0
98.0,554.0
98.0,601.0
98.0,314.0
98.0,972.0
98.0,359.0
98.0,508.0
98.0,567.0
100.0,689.0
100.0,532.0
100.0,321.0
100.0,835.0
101.0,919.0
101.0,915.0
101.0,566.0
101.0,41.0
101.0,679.0
101.0,185.0
101.0,669.0
102.0,540.0
102.0,371.0
102.0,891.0
102.0,580.0
102.0,72.0
103.0,695.0
103.0,984.0
103.0,445.0
103.0,512.0
103.0,185.0
103.0,828.0
104.0,576.0
104.0,861.0
105.0,879.0
105.0,404.0
105.0,932.0
105.0,665.0
105.0,472.0
105.0,550.0
105.0,469.0
106.0,554.0
106.0,896.0
106.0,876.0
106.0,899.0
106.0,853.0
106.0,642.0
106.0,512.0
107.0,561.0
107.0,904.0
110.0,164.0
110.0,852.0
110.0,338.0
110.0,677.0
111.0,650.0
111.0,48.0
111.0,137.0
112.0,155.0
112.0,910.0
112.0,576.0
112.0,203.0
112.0,17.0
113.0,91.0
113.0,669.0
113.0,808.0
114.0,561.0
114.0,766.0
114.0,512.0
114.0,920.0
115.0,44.0
115.0,337.0
115.0,880.0
115.0,332.0
115.0,261.0
115.0,93.0
115.0,604.0
117.0,784.0
118.0,741.0
118.0,472.0
118.0,812.0
118.0,94.0
118.0,651.0
118.0,608.0
118.0,946.0
119.0,713.0
120.0,681.0
120.0,33.0
120.0,737.0
123.0,827.0
123.0,851.0
123.0,717.0
123.0,664.0
123.0,604.0
123.0,863.0
124.0,190.0
124.0,311.0
124.0,477.0
124.0,771.0
124.0,827.0
124.0,706.0
125.0,164.0
125.0,867.0
125.0,604.0
126.0,613.0
126.0,27.0
127.0,671.0
128.0,543.0
128.0,613.0
128.0,634.0
128.0,27.0
128.0,649.0
128.0,716.0
128.0,444.0
128.0,185.0
128.0,695.0
128.0,577.0
129.0,652.0
129.0,457.0
129.0,656.0
130.0,429.0
130.0,404.0
130.0,989.0
130.0,827.0
130.0,822.0
130.0,567.0
130.0,507.0
130.0,709.0
130.0,436.0
132.0,728.0
132.0,381.0
132.0,358.0
133.0,919.0
133.0,710.0
133.0,598.0
133.0,314.0
134.0,569.0
134.0,667.0
134.0,948.0
134.0,736.0
134.0,681.0
134.0,501.0
135.0,646.0
135.0,318.0
137.0,179.0
137.0,523.0
137.0,15.0
137.0,533.0
137.0,376.0
137.0,665.0
137.0,908.0
137.0,94.0
137.0,979.0
137.0,537.0
137.0,794.0
137.0,60.0
138.0,41.0
138.0,171.0
138.0,179.0
138.0,20.0
138.0,512.0
138.0,620.0
138.0,79.0
138.0,101.0
138.0,669.0
138.0,947.0
138.0,800.0
139.0,720.0
141.0,144.0
141.0,887.0
141.0,278.0
142.0,652.0
142.0,937.0
142.0,699.0
142.0,559.0
142.0,706.0
142.0,861.0
142.0,766.0
142.0,635.0
142.0,649.0
142.0,847.0
142.0,899.0
142.0,948.0
142.0,902.0
142.0,860.0
143.0,227.0
143.0,784.0
144.0,321.0
144.0,430.0
144.0,788.0
145.0,615.0
145.0,759.0
147.0,148.0
147.0,888.0
147.0,793.0
147.0,412.0
148.0,178.0
149.0,613.0
150.0,895.0
150.0,374.0
150.0,133.0
150.0,276.0
151.0,935.0
151.0,730.0
151.0,636.0
151.0,876.0
152.0,548.0
152.0,535.0
152.0,982.0
152.0,527.0
152.0,340.0
152.0,54.0
152.0,972.0
152.0,565.0
152.0,541.0
152.0,508.0
152.0,866.0
153.0,861.0
153.0,382.0
153.0,675.0
154.0,762.0
154.0,896.0
154.0,732.0
154.0,338.0
154.0,559.0
154.0,617.0
154.0,741.0
154.0,915.0
154.0,745.0
155.0,618.0
155.0,990.0
155.0,303.0
155.0,991.0
155.0,570.0
155.0,543.0
155.0,538.0
155.0,661.0
155.0,635.0
155.0,969.0
156.0,98.0
156.0,242.0
158.0,193.0
158.0,207.0
158.0,589.0
158.0,498.0
158.0,378.0
159.0,718.0
159.0,179.0
159.0,806.0
159.0,531.0
159.0,312.0
159.0,876.0
159.0,472.0
159.0,947.0
159.0,138.0
160.0,710.0
160.0,622.0
161.0,275.0
161.0,58.0
161.0,139.0
162.0,338.0
162.0,770.0
162.0,854.0
162.0,930.0
163.0,314.0
163.0,738.0
163.0,997.0
163.0,951.0
163.0,784.0
164.0,500.0
164.0,818.0
164.0,743.0
164.0,808.0
164.0,554.0
164.0,687.0
164.0,764.0
165.0,983.0
165.0,775.0
165.0,494.0
165.0,662.0
165.0,604.0
166.0,745.0
166.0,330.0
166.0,60.0
166.0,912.0
166.0,290.0
166.0,505.0
167.0,332.0
167.0,856.0
167.0,546.0
167.0,312.0
168.0,278.0
168.0,538.0
168.0,518.0
169.0,226.0
169.0,774.0
169.0,624.0
169.0,766.0
169.0,894.0
169.0,839.0
169.0,951.0
169.0,969.0
170.0,555.0
170.0,79.0
171.0,660.0
171.0,732.0
171.0,932.0
171.0,482.0
171.0,944.0
171.0,945.0
171.0,784.0
171.0,615.0
171.0,799.0
171.0,687.0
171.0,530.0
171.0,759.0
172.0,386.0
172.0,149.0
172.0,15.0
172.0,712.0
173.0,550.0
173.0,988.0
173.0,146.0
173.0,888.0
173.0,894.0
173.0,513.0
173.0,101.0
174.0,581.0
174.0,391.0
174.0,712.0
174.0,117.0
174.0,116.0
175.0,570.0
175.0,763.0
177.0,741.0
177.0,438.0
177.0,324.0
177.0,117.0
177.0,351.0
177.0,863.0
177.0,979.0
177.0,138.0
178.0,683.0
178.0,860.0
178.0,932.0
178.0,789.0
178.0,896.0
179.0,782.0
179.0,749.0
179.0,3.0
179.0,286.0
179.0,601.0
179.0,741.0
179.0,514.0
179.0,887.0
181.0,887.0
181.0,894.0
181.0,85.0
181.0,488.0
181.0,680.0
181.0,752.0
182.0,233.0
182.0,912.0
182.0,652.0
182.0,961.0
183.0,910.0
183.0,319.0
183.0,475.0
183.0,233.0
184.0,767.0
185.0,982.0
185.0,622.0
185.0,887.0
185.0,507.0
185.0,915.0
185.0,717.0
186.0,919.0
186.0,428.0
186.0,774.0
186.0,566.0
186.0,622.0
187.0,737.0
187.0,725.0
187.0,987.0
187.0,776.0
187.0,41.0
188.0,276.0
188.0,654.0
189.0,811.0
189.0,378.0
190.0,683.0
190.0,859.0
190.0,712.0
190.0,587.0
190.0,736.0
191.0,601.0
191.0,84.0
191.0,94.0
191.0,187.0
191.0,834.0
191.0,709.0
191.0,762.0
191.0,367.0
191.0,839.0
191.0,406.0
191.0,778.0
191.0,770.0
193.0,537.0
193.0,636.0
194.0,533.0
194.0,993.0
194.0,472.0
194.0,126.0
194.0,880.0
195.0,319.0
196.0,874.0
196.0,22.0
196.0,117.0
196.0,107.0
196.0,552.0
196.0,713.0
196.0,700.0
197.0,654.0
197.0,686.0
197.0,267.0
197.0,876.0
197.0,425.0
197.0,842.0
197.0,857.0
197.0,104.0
197.0,789.0
197.0,851.0
198.0,587.0
198.0,930.0
198.0,984.0
198.0,661.0
198.0,561.0
198.0,622.0
198.0,948.0
200.0,613.0
200.0,443.0
200.0,179.0
200.0,31.0
200.0,584.0
201.0,963.0
201.0,947.0
202.0,907.0
202.0,375.0
202.0,608.0
202.0,232.0
203.0,101.0
203.0,179.0
205.0,540.0
205.0,622.0
205.0,91.0
205.0,142.0
205.0,606.0
205.0,869.0
205.0,532.0
205.0,246.0
205.0,50.0
206.0,878.0
206.0,217.0
207.0,634.0
209.0,937.0
209.0,56.0
209.0,710.0
211.0,585.0
211.0,84.0
212.0,290.0
212.0,571.0
212.0,978.0
213.0,308.0
214.0,768.0
214.0,587.0
214.0,57.0
214.0,951.0
214.0,809.0
215.0,179.0
215.0,15.0
215.0,338.0
215.0,603.0
215.0,441.0
216.0,767.0
217.0,646.0
217.0,661.0
217.0,899.0
217.0,438.0
218.0,533.0
219.0,139.0
219.0,669.0
219.0,26.0
220.0,249.0
220.0,887.0
220.0,896.0
220.0,818.0
220.0,990.0
221.0,370.0
221.0,113.0
221.0,913.0
221.0,539.0
221.0,920.0
222.0,456.0
223.0,627.0
223.0,242.0
224.0,856.0
225.0,601.0
225.0,3.0
225.0,769.0
225.0,42.0
225.0,820.0
225.0,935.0
225.0,683.0
225.0,923.0
225.0,636.0
225.0,952.0
226.0,519.0
226.0,615.0
226.0,190.0
227.0,983.0
227.0,603.0
227.0,613.0
227.0,875.0
227.0,922.0
227.0,187.0
227.0,898.0
227.0,359.0
228.0,258.0
228.0,330.0
228.0,720.0
228.0,771.0
229.0,576.0
229.0,521.0
229.0,816.0
229.0,649.0
229.0,669.0
229.0,890.0
229.0,256.0
229.0,127.0
231.0,902.0
232.0,289.0
232.0,720.0
232.0,311.0
233.0,917.0
233.0,430.0
234.0,828.0
234.0,452.0
234.0,139.0
234.0,774.0
234.0,313.0
234.0,813.0
234.0,818.0
235.0,49.0
235.0,312.0
235.0,954.0
235.0,783.0
235.0,133.0
235.0,258.0
235.0,510.0
235.0,654.0
235.0,688.0
235.0,145.0
235.0,907.0
237.0,622.0
237.0,169.0
237.0,516.0
237.0,324.0
238.0,338.0
238.0,738.0
238.0,503.0
238.0,587.0
238.0,623.0
238.0,276.0
238.0,605.0
238.0,482.0
238.0,507.0
238.0,902.0
238.0,445.0
238.0,846.0
238.0,326.0
238.0,46.0
238.0,613.0
239.0,742.0
239.0,417.0
240.0,445.0
241.0,803.0
242.0,404.0
242.0,589.0
243.0,943.0
243.0,537.0
243.0,27.0
243.0,865.0
243.0,130.0
243.0,864.0
243.0,249.0
244.0,383.0
245.0,932.0
245.0,507.0
245.0,475.0
245.0,516.0
245.0,46.0
245.0,878.0
245.0,700.0
246.0,326.0
246.0,276.0
246.0,312.0
246.0,956.0
246.0,773.0
246.0,436.0
247.0,537.0
247.0,202.0
247.0,846.0
247.0,847.0
247.0,658.0
247.0,22.0
247.0,598.0
247.0,459.0
248.0,510.0
248.0,474.0
248.0,828.0
249.0,546.0
249.0,559.0
249.0,771.0
249.0,587.0
249.0,523.0
249.0,142.0
249.0,731.0
249.0,477.0
249.0,615.0
249.0,94.0
251.0,566.0
251.0,510.0
251.0,508.0
251.0,305.0
251.0,521.0
251.0,788.0
251.0,582.0
251.0,249.0
251.0,453.0
251.0,187.0
253.0,723.0
253.0,338.0
253.0,978.0
253.0,991.0
253.0,901.0
253.0,759.0
253.0,444.0
254.0,464.0
254.0,75.0
254.0,132.0
254.0,801.0
255.0,523.0
255.0,363.0
255.0,571.0
255.0,931.0
255.0,932.0
255.0,400.0
255.0,55.0
255.0,849.0
255.0,448.0
255.0,629.0
256.0,824.0
256.0,548.0
257.0,792.0
257.0,810.0
257.0,52.0
258.0,508.0
258.0,705.0
258.0,178.0
258.0,521.0
259.0,554.0
260.0,792.0
260.0,824.0
260.0,627.0
261.0,982.0
261.0,647.0
261.0,492.0
261.0,767.0
261.0,972.0
262.0,635.0
263.0,318.0
263.0,636.0
263.0,764.0
265.0,766.0
265.0,656.0
266.0,880.0
266.0,919.0
266.0,659.0
266.0,493.0
267.0,404.0
267.0,869.0
267.0,317.0
267.0,768.0
267.0,782.0
267.0,608.0
267.0,725.0
267.0,847.0
267.0,923.0
267.0,657.0
267.0,679.0
267.0,539.0
268.0,858.0
268.0,791.0
268.0,503.0
270.0,922.0
270.0,884.0
270.0,470.0
271.0,191.0
271.0,606.0
272.0,232.0
272.0,788.0
273.0,450.0
273.0,202.0
273.0,627.0
274.0,401.0
274.0,192.0
274.0,928.0
274.0,827.0
274.0,750.0
274.0,97.0
274.0,537.0
276.0,148.0
277.0,401.0
277.0,492.0
278.0,159.0
278.0,309.0
278.0,114.0
279.0,289.0
279.0,79.0
279.0,692.0
279.0,313.0
280.0,522.0
280.0,540.0
280.0,93.0
281.0,378.0
281.0,25.0
281.0,972.0
281.0,127.0
281.0,596.0
281.0,345.0
283.0,260.0
283.0,608.0
283.0,457.0
283.0,744.0
283.0,384.0
283.0,843.0
283.0,743.0
284.0,864.0
284.0,689.0
284.0,776.0
284.0,945.0
284.0,605.0
284.0,797.0
285.0,862.0
285.0,581.0
285.0,621.0
286.0,874.0
286.0,642.0
286.0,507.0
286.0,546.0
286.0,117.0
286.0,847.0
286.0,444.0
286.0,618.0
286.0,741.0
287.0,507.0
288.0,989.0
288.0,453.0
289.0,969.0
289.0,687.0
289.0,717.0
289.0,330.0
289.0,954.0
289.0,713.0
289.0,952.0
289.0,303.0
290.0,723.0
290.0,767.0
291.0,779.0
291.0,817.0
292.0,278.0
292.0,118.0
292.0,866.0
293.0,797.0
293.0,634.0
293.0,904.0
294.0,705.0
294.0,459.0
294.0,378.0
294.0,568.0
296.0,543.0
297.0,560.0
297.0,847.0
297.0,611.0
297.0,564.0
297.0,155.0
297.0,631.0
297.0,627.0
297.0,3.0
297.0,575.0
298.0,342.0
298.0,598.0
298.0,637.0
298.0,741.0
298.0,930.0
298.0,994.0
298.0,361.0
300.0,633.0
300.0,753.0
300.0,662.0
301.0,720.0
301.0,539.0
305.0,947.0
305.0,27.0
305.0,41.0
305.0,774.0
305.0,155.0
305.0,136.0
305.0,258.0
305.0,737.0
305.0,3.0
305.0,982.0
306.0,774.0
306.0,799.0
306.0,862.0
306.0,622.0
306.0,615.0
306.0,868.0
307.0,303.0
307.0,507.0
307.0,759.0
307.0,686.0
307.0,136.0
307.0,558.0
307.0,903.0
307.0,538.0
308.0,876.0
308.0,997.0
308.0,972.0
308.0,79.0
308.0,902.0
308.0,634.0
308.0,456.0
308.0,821.0
308.0,917.0
309.0,162.0
309.0,505.0
309.0,467.0
309.0,192.0
309.0,566.0
309.0,891.0
309.0,924.0
309.0,848.0
309.0,847.0
311.0,303.0
311.0,901.0
311.0,798.0
311.0,482.0
311.0,742.0
311.0,503.0
311.0,330.0
311.0,716.0
312.0,669.0
313.0,823.0
313.0,557.0
313.0,700.0
313.0,990.0
313.0,622.0
313.0,901.0
314.0,889.0
314.0,530.0
314.0,117.0
315.0,969.0
316.0,563.0
316.0,389.0
316.0,463.0
317.0,500.0
319.0,885.0
319.0,412.0
319.0,876.0
319.0,966.0
319.0,899.0
319.0,458.0
319.0,766.0
319.0,612.0
320.0,743.0
320.0,477.0
320.0,924.0
320.0,290.0
320.0,363.0
320.0,704.0
321.0,581.0
321.0,362.0
323.0,559.0
323.0,190.0
323.0,869.0
323.0,180.0
323.0,717.0
325.0,14.0
325.0,916.0
325.0,476.0
325.0,523.0
325.0,522.0
326.0,456.0
326.0,566.0
327.0,736.0
327.0,706.0
327.0,973.0
328.0,330.0
328.0,91.0
329.0,135.0
330.0,918.0
330.0,615.0
330.0,899.0
330.0,889.0
330.0,984.0
330.0,990.0
330.0,930.0
330.0,649.0
331.0,744.0
331.0,621.0
331.0,855.0
331.0,937.0
331.0,564.0
331.0,793.0
331.0,718.0
332.0,582.0
333.0,902.0
333.0,142.0
333.0,94.0
333.0,253.0
334.0,807.0
334.0,387.0
334.0,778.0
335.0,821.0
335.0,154.0
335.0,371.0
336.0,494.0
336.0,454.0
336.0,856.0
336.0,875.0
337.0,382.0
337.0,84.0
337.0,527.0
337.0,338.0
338.0,521.0
339.0,828.0
340.0,598.0
340.0,821.0
340.0,338.0
340.0,567.0
340.0,3.0
341.0,497.0
341.0,281.0
342.0,37.0
342.0,295.0
342.0,551.0
342.0,71.0
342.0,636.0
342.0,847.0
342.0,363.0
342.0,556.0
342.0,0.0
343.0,813.0
343.0,855.0
343.0,268.0
343.0,789.0
343.0,795.0
343.0,2.0
343.0,790.0
343.0,188.0
343.0,476.0
345.0,623.0
345.0,603.0
345.0,489.0
345.0,828.0
345.0,613.0
345.0,891.0
345.0,776.0
345.0,581.0
345.0,376.0
345.0,457.0
345.0,301.0
345.0,800.0
346.0,360.0
346.0,403.0
347.0,57.0
347.0,866.0
347.0,509.0
347.0,557.0
348.0,618.0
348.0,370.0
348.0,453.0
349.0,115.0
349.0,751.0
349.0,341.0
349.0,65.0
349.0,713.0
350.0,915.0
350.0,563.0
350.0,356.0
350.0,314.0
350.0,993.0
351.0,871.0
351.0,997.0
351.0,558.0
351.0,806.0
351.0,322.0
351.0,317.0
351.0,950.0
351.0,781.0
351.0,983.0
351.0,91.0
351.0,593.0
352.0,736.0
352.0,67.0
352.0,568.0
352.0,117.0
353.0,683.0
353.0,475.0
353.0,624.0
354.0,543.0
354.0,767.0
354.0,824.0
354.0,503.0
354.0,951.0
356.0,956.0
356.0,745.0
356.0,563.0
356.0,613.0
356.0,576.0
356.0,558.0
356.0,128.0
357.0,740.0
357.0,447.0
357.0,525.0
357.0,896.0
358.0,901.0
358.0,400.0
358.0,84.0
358.0,806.0
358.0,917.0
358.0,533.0
358.0,251.0
358.0,800.0
358.0,467.0
359.0,695.0
359.0,363.0
359.0,782.0
359.0,91.0
360.0,699.0
360.0,535.0
360.0,801.0
360.0,751.0
360.0,834.0
360.0,695.0
360.0,363.0
360.0,677.0
360.0,541.0
360.0,848.0
360.0,563.0
360.0,787.0
361.0,874.0
361.0,878.0
361.0,991.0
362.0,773.0
362.0,683.0
362.0,510.0
362.0,635.0
362.0,853.0
362.0,598.0
362.0,854.0
362.0,901.0
362.0,538.0
362.0,679.0
362.0,712.0
363.0,318.0
363.0,820.0
363.0,618.0
363.0,904.0
363.0,908.0
363.0,823.0
364.0,31.0
364.0,576.0
365.0,216.0
365.0,462.0
365.0,987.0
365.0,577.0
365.0,976.0
365.0,717.0
365.0,823.0
365.0,882.0
366.0,519.0
366.0,700.0
366.0,821.0
366.0,295.0
366.0,60.0
366.0,648.0
366.0,869.0
367.0,453.0
367.0,914.0
367.0,628.0
367.0,361.0
367.0,54.0
367.0,690.0
367.0,101.0
367.0,574.0
367.0,827.0
367.0,124.0
368.0,198.0
368.0,700.0
368.0,847.0
368.0,538.0
368.0,746.0
368.0,767.0
368.0,971.0
368.0,617.0
369.0,890.0
369.0,576.0
369.0,872.0
370.0,932.0
370.0,587.0
370.0,884.0
370.0,171.0
370.0,193.0
370.0,950.0
370.0,824.0
370.0,721.0
370.0,611.0
370.0,567.0
370.0,599.0
371.0,875.0
371.0,914.0
371.0,835.0
371.0,354.0
371.0,488.0
372.0,214.0
372.0,876.0
372.0,782.0
374.0,542.0
374.0,953.0
374.0,551.0
374.0,730.0
374.0,885.0
374.0,361.0
374.0,89.0
374.0,571.0
375.0,709.0
375.0,848.0
375.0,930.0
375.0,444.0
375.0,185.0
375.0,800.0
375.0,587.0
375.0,861.0
375.0,737.0
376.0,935.0
376.0,308.0
376.0,540.0
376.0,646.0
376.0,253.0
376.0,741.0
376.0,705.0
376.0,653.0
377.0,761.0
377.0,990.0
377.0,540.0
377.0,531.0
380.0,56.0
380.0,848.0
380.0,919.0
381.0,440.0
382.0,126.0
382.0,798.0
382.0,817.0
382.0,376.0
382.0,261.0
382.0,949.0
383.0,791.0
383.0,139.0
383.0,670.0
383.0,85.0
384.0,142.0
384.0,890.0
384.0,676.0
384.0,57.0
384.0,580.0
384.0,577.0
384.0,954.0
384.0,101.0
385.0,637.0
385.0,957.0
385.0,909.0
385.0,693.0
385.0,634.0
385.0,204.0
385.0,687.0
386.0,719.0
386.0,877.0
386.0,884.0
386.0,368.0
386.0,873.0
386.0,752.0
387.0,142.0
387.0,647.0
387.0,222.0
387.0,818.0
387.0,944.0
387.0,877.0
387.0,829.0
388.0,540.0
389.0,128.0
389.0,665.0
389.0,492.0
389.0,408.0
389.0,286.0
389.0,130.0
390.0,430.0
391.0,667.0
391.0,793.0
392.0,666.0
393.0,458.0
393.0,439.0
393.0,319.0
393.0,869.0
394.0,533.0
394.0,19.0
394.0,558.0
394.0,258.0
394.0,794.0
394.0,159.0
394.0,946.0
394.0,176.0
395.0,689.0
395.0,390.0
395.0,660.0
396.0,557.0
396.0,969.0
396.0,50.0
396.0,57.0
396.0,865.0
396.0,856.0
396.0,859.0
397.0,190.0
397.0,928.0
397.0,503.0
397.0,452.0
397.0,944.0
397.0,765.0
397.0,539.0
397.0,601.0
397.0,983.0
397.0,293.0
397.0,929.0
397.0,557.0
398.0,308.0
399.0,733.0
399.0,540.0
399.0,400.0
400.0,621.0
400.0,130.0
400.0,864.0
400.0,987.0
400.0,785.0
401.0,154.0
401.0,510.0
402.0,70.0
402.0,917.0
402.0,735.0
403.0,668.0
403.0,825.0
403.0,408.0
404.0,510.0
404.0,700.0
404.0,759.0
405.0,690.0
405.0,430.0
405.0,893.0
405.0,53.0
405.0,907.0
405.0,687.0
405.0,615.0
405.0,565.0
406.0,954.0
406.0,652.0
406.0,839.0
406.0,440.0
406.0,57.0
406.0,828.0
406.0,909.0
407.0,611.0
407.0,798.0
407.0,73.0
407.0,988.0
407.0,624.0
407.0,382.0
407.0,938.0
407.0,408.0
407.0,598.0
408.0,295.0
408.0,554.0
408.0,741.0
408.0,330.0
408.0,880.0
408.0,874.0
409.0,371.0
409.0,475.0
409.0,752.0
409.0,685.0
410.0,630.0
411.0,528.0
411.0,193.0
412.0,676.0
412.0,898.0
412.0,74.0
412.0,971.0
412.0,948.0
412.0,400.0
412.0,130.0
412.0,155.0
412.0,51.0
413.0,34.0
413.0,9.0
413.0,101.0
413.0,704.0
414.0,27.0
414.0,484.0
414.0,363.0
414.0,873.0
414.0,586.0
415.0,167.0
416.0,401.0
416.0,749.0
416.0,898.0
416.0,529.0
416.0,868.0
417.0,822.0
417.0,76.0
417.0,771.0
417.0,988.0
418.0,945.0
418.0,742.0
421.0,608.0
422.0,45.0
422.0,588.0
422.0,751.0
422.0,966.0
422.0,179.0
425.0,779.0
425.0,124.0
425.0,624.0
425.0,706.0
426.0,425.0
426.0,363.0
426.0,26.0
426.0,984.0
427.0,81.0
427.0,752.0
427.0,839.0
427.0,929.0
428.0,588.0
428.0,247.0
428.0,215.0
428.0,193.0
428.0,238.0
428.0,646.0
428.0,155.0
428.0,736.0
428.0,776.0
428.0,30.0
429.0,816.0
429.0,527.0
429.0,776.0
429.0,501.0
430.0,891.0
430.0,582.0
431.0,878.0
432.0,617.0
432.0,853.0
434.0,904.0
435.0,430.0
435.0,865.0
435.0,710.0
435.0,151.0
435.0,759.0
435.0,671.0
435.0,197.0
435.0,853.0
435.0,795.0
435.0,563.0
438.0,541.0
438.0,658.0
438.0,581.0
439.0,817.0
439.0,896.0
439.0,7.0
439.0,554.0
439.0,289.0
439.0,646.0
439.0,367.0
439.0,521.0
439.0,599.0
439.0,531.0
439.0,797.0
439.0,990.0
440.0,903.0
440.0,162.0
440.0,540.0
440.0,42.0
440.0,899.0
440.0,139.0
440.0,457.0
440.0,528.0
441.0,621.0
441.0,307.0
441.0,634.0
441.0,817.0
441.0,202.0
441.0,93.0
441.0,918.0
441.0,749.0
441.0,713.0
441.0,514.0
441.0,510.0
441.0,482.0
441.0,787.0
441.0,155.0
443.0,821.0
443.0,904.0
443.0,687.0
443.0,792.0
443.0,22.0
443.0,711.0
443.0,627.0
443.0,818.0
444.0,899.0
444.0,944.0
444.0,828.0
444.0,746.0
444.0,860.0
444.0,972.0
444.0,706.0
444.0,861.0
445.0,860.0
445.0,746.0
445.0,148.0
445.0,945.0
447.0,771.0
447.0,951.0
447.0,930.0
447.0,154.0
447.0,263.0
447.0,563.0
447.0,978.0
447.0,741.0
447.0,540.0
447.0,667.0
447.0,561.0
447.0,544.0
448.0,782.0
448.0,997.0
450.0,543.0
450.0,924.0
451.0,464.0
452.0,503.0
452.0,730.0
452.0,117.0
452.0,957.0
452.0,903.0
452.0,907.0
452.0,574.0
452.0,171.0
452.0,683.0
452.0,528.0
452.0,540.0
453.0,736.0
453.0,605.0
453.0,846.0
453.0,899.0
453.0,628.0
453.0,744.0
453.0,652.0
453.0,646.0
453.0,868.0
453.0,567.0
453.0,820.0
453.0,712.0
453.0,930.0
453.0,730.0
453.0,537.0
453.0,774.0
454.0,145.0
454.0,677.0
456.0,559.0
457.0,923.0
457.0,623.0
458.0,861.0
458.0,622.0
459.0,860.0
459.0,800.0
459.0,789.0
459.0,705.0
459.0,859.0
459.0,598.0
460.0,620.0
460.0,569.0
460.0,441.0
460.0,164.0
460.0,443.0
460.0,924.0
460.0,789.0
460.0,542.0
461.0,596.0
461.0,482.0
461.0,320.0
463.0,452.0
463.0,692.0
463.0,767.0
463.0,726.0
463.0,187.0
464.0,459.0
464.0,598.0
465.0,984.0
465.0,510.0
465.0,988.0
466.0,622.0
466.0,797.0
466.0,876.0
466.0,766.0
466.0,932.0
466.0,222.0
466.0,303.0
466.0,773.0
467.0,828.0
467.0,773.0
467.0,712.0
467.0,774.0
467.0,982.0
467.0,770.0
467.0,789.0
467.0,338.0
467.0,904.0
469.0,951.0
469.0,944.0
469.0,462.0
469.0,46.0
469.0,828.0
469.0,649.0
470.0,576.0
470.0,26.0
470.0,453.0
470.0,480.0
470.0,106.0
470.0,303.0
470.0,953.0
471.0,321.0
471.0,812.0
471.0,94.0
471.0,31.0
472.0,728.0
472.0,700.0
472.0,514.0
472.0,362.0
472.0,617.0
473.0,391.0
473.0,795.0
474.0,162.0
474.0,527.0
474.0,54.0
475.0,447.0
475.0,700.0
476.0,751.0
476.0,510.0
476.0,817.0
476.0,124.0
476.0,606.0
476.0,544.0
476.0,338.0
476.0,362.0
476.0,899.0
476.0,858.0
476.0,983.0
477.0,574.0
478.0,922.0
478.0,818.0
478.0,215.0
480.0,827.0
480.0,500.0
481.0,204.0
482.0,185.0
482.0,847.0
482.0,717.0
483.0,645.0
484.0,730.0
484.0,542.0
484.0,303.0
484.0,820.0
484.0,148.0
485.0,513.0
487.0,657.0
487.0,766.0
487.0,41.0
487.0,93.0
487.0,611.0
487.0,919.0
487.0,966.0
487.0,717.0
488.0,880.0
488.0,418.0
488.0,528.0
488.0,842.0
488.0,876.0
488.0,567.0
488.0,520.0
488.0,705.0
488.0,26.0
489.0,792.0
489.0,207.0
489.0,559.0
489.0,671.0
492.0,982.0
492.0,997.0
492.0,198.0
492.0,798.0
492.0,661.0
492.0,657.0
492.0,816.0
492.0,101.0
492.0,749.0
493.0,306.0
493.0,480.0
493.0,523.0
493.0,37.0
493.0,57.0
493.0,991.0
494.0,948.0
494.0,743.0
495.0,855.0
495.0,234.0
495.0,462.0
496.0,426.0
496.0,970.0
496.0,972.0
497.0,707.0
498.0,228.0
498.0,849.0
498.0,598.0
498.0,207.0
498.0,405.0
499.0,762.0
499.0,710.0
499.0,513.0
499.0,7.0
500.0,898.0
500.0,923.0
500.0,136.0
500.0,901.0
500.0,798.0
500.0,618.0
500.0,574.0
500.0,557.0
500.0,145.0
500.0,706.0
501.0,861.0
501.0,521.0
502.0,103.0
502.0,909.0
502.0,187.0
502.0,359.0
502.0,628.0
502.0,750.0
503.0,622.0
503.0,561.0
503.0,178.0
503.0,649.0
503.0,544.0
503.0,737.0
503.0,521.0
504.0,88.0
504.0,464.0
504.0,954.0
506.0,731.0
507.0,338.0
507.0,972.0
507.0,570.0
507.0,887.0
510.0,521.0
510.0,136.0
511.0,50.0
511.0,835.0
512.0,876.0
512.0,860.0
513.0,945.0
513.0,675.0
513.0,370.0
513.0,894.0
514.0,937.0
514.0,561.0
514.0,669.0
514.0,312.0
514.0,859.0
514.0,574.0
514.0,456.0
514.0,136.0
515.0,732.0
516.0,941.0
516.0,901.0
516.0,665.0
516.0,942.0
516.0,488.0
516.0,9.0
516.0,290.0
516.0,575.0
516.0,709.0
516.0,909.0
517.0,973.0
517.0,452.0
517.0,831.0
517.0,608.0
517.0,377.0
518.0,902.0
519.0,808.0
519.0,951.0
519.0,973.0
519.0,418.0
519.0,507.0
519.0,997.0
519.0,679.0
519.0,864.0
519.0,311.0
519.0,538.0
519.0,623.0
520.0,687.0
520.0,801.0
520.0,937.0
520.0,902.0
520.0,628.0
520.0,983.0
520.0,987.0
520.0,742.0
520.0,289.0
520.0,930.0
520.0,657.0
522.0,792.0
522.0,547.0
523.0,338.0
523.0,972.0
525.0,738.0
525.0,519.0
525.0,577.0
526.0,633.0
526.0,400.0
527.0,746.0
528.0,570.0
528.0,605.0
528.0,652.0
528.0,503.0
528.0,307.0
528.0,338.0
530.0,707.0
531.0,359.0
531.0,293.0
531.0,589.0
531.0,514.0
531.0,486.0
531.0,824.0
532.0,884.0
533.0,356.0
533.0,85.0
533.0,997.0
533.0,839.0
533.0,798.0
534.0,789.0
534.0,851.0
534.0,899.0
534.0,83.0
534.0,692.0
534.0,954.0
534.0,127.0
535.0,681.0
535.0,542.0
535.0,434.0
535.0,557.0
536.0,667.0
536.0,331.0
538.0,982.0
538.0,657.0
538.0,41.0
539.0,789.0
540.0,512.0
540.0,820.0
541.0,758.0
541.0,924.0
541.0,261.0
541.0,246.0
541.0,973.0
541.0,518.0
541.0,759.0
541.0,839.0
541.0,2.0
541.0,512.0
542.0,990.0
542.0,884.0
542.0,991.0
542.0,812.0
542.0,982.0
542.0,915.0
543.0,816.0
544.0,79.0
544.0,800.0
544.0,657.0
544.0,944.0
547.0,91.0
548.0,622.0
548.0,354.0
548.0,642.0
549.0,758.0
551.0,858.0
552.0,857.0
553.0,363.0
553.0,74.0
553.0,276.0
553.0,801.0
553.0,314.0
553.0,759.0
553.0,117.0
553.0,308.0
553.0,808.0
553.0,690.0
553.0,928.0
554.0,544.0
554.0,928.0
554.0,289.0
555.0,764.0
555.0,378.0
555.0,591.0
555.0,709.0
556.0,665.0
556.0,723.0
556.0,705.0
558.0,459.0
558.0,746.0
558.0,712.0
558.0,797.0
558.0,879.0
558.0,618.0
558.0,444.0
558.0,731.0
558.0,944.0
558.0,954.0
559.0,501.0
559.0,853.0
559.0,669.0
559.0,136.0
559.0,930.0
559.0,712.0
560.0,874.0
560.0,113.0
562.0,973.0
562.0,745.0
562.0,635.0
562.0,707.0
562.0,444.0
562.0,669.0
562.0,649.0
562.0,375.0
562.0,509.0
563.0,510.0
563.0,27.0
563.0,787.0
563.0,717.0
563.0,853.0
563.0,658.0
564.0,525.0
564.0,404.0
564.0,330.0
564.0,915.0
564.0,546.0
564.0,879.0
564.0,812.0
564.0,657.0
564.0,561.0
564.0,669.0
565.0,404.0
566.0,773.0
566.0,723.0
566.0,142.0
566.0,874.0
567.0,608.0
567.0,570.0
567.0,789.0
568.0,314.0
569.0,879.0
569.0,851.0
569.0,683.0
569.0,847.0
569.0,253.0
569.0,987.0
569.0,660.0
569.0,615.0
569.0,917.0
569.0,730.0
569.0,991.0
571.0,634.0
571.0,354.0
571.0,145.0
573.0,501.0
573.0,741.0
573.0,494.0
573.0,246.0
573.0,492.0
575.0,706.0
575.0,730.0
575.0,983.0
576.0,709.0
576.0,860.0
576.0,554.0
576.0,915.0
576.0,713.0
576.0,874.0
576.0,984.0
577.0,918.0
577.0,723.0
577.0,847.0
577.0,636.0
577.0,776.0
577.0,618.0
577.0,880.0
577.0,362.0
577.0,944.0
577.0,759.0
578.0,622.0
578.0,732.0
578.0,771.0
579.0,882.0
579.0,304.0
579.0,993.0
579.0,156.0
579.0,723.0
580.0,16.0
580.0,488.0
581.0,718.0
581.0,660.0
581.0,642.0
581.0,846.0
581.0,771.0
581.0,293.0
581.0,429.0
582.0,185.0
582.0,738.0
582.0,317.0
582.0,631.0
582.0,375.0
582.0,705.0
583.0,162.0
583.0,759.0
583.0,591.0
583.0,249.0
583.0,310.0
583.0,166.0
583.0,922.0
584.0,720.0
584.0,695.0
584.0,54.0
585.0,329.0
585.0,7.0
586.0,330.0
586.0,667.0
587.0,716.0
589.0,901.0
589.0,652.0
589.0,666.0
589.0,391.0
589.0,671.0
589.0,540.0
589.0,605.0
589.0,937.0
589.0,512.0
589.0,418.0
590.0,809.0
590.0,488.0
590.0,49.0
590.0,350.0
590.0,817.0
591.0,567.0
591.0,510.0
592.0,803.0
592.0,190.0
592.0,741.0
592.0,445.0
592.0,723.0
592.0,762.0
592.0,86.0
592.0,532.0
593.0,924.0
593.0,944.0
593.0,220.0
593.0,49.0
594.0,391.0
594.0,857.0
594.0,148.0
595.0,714.0
595.0,954.0
595.0,50.0
597.0,947.0
597.0,361.0
597.0,507.0
598.0,919.0
598.0,608.0
598.0,79.0
598.0,860.0
599.0,924.0
599.0,669.0
599.0,822.0
599.0,989.0
599.0,823.0
599.0,41.0
599.0,286.0
599.0,779.0
600.0,279.0
600.0,232.0
600.0,159.0
600.0,389.0
600.0,795.0
600.0,530.0
600.0,528.0
600.0,267.0
600.0,791.0
600.0,525.0
601.0,709.0
601.0,687.0
602.0,575.0
602.0,456.0
602.0,408.0
603.0,293.0
603.0,935.0
603.0,657.0
603.0,286.0
603.0,789.0
603.0,907.0
603.0,482.0
603.0,540.0
603.0,543.0
603.0,879.0
603.0,787.0
603.0,620.0
604.0,880.0
604.0,730.0
605.0,784.0
605.0,853.0
605.0,303.0
605.0,947.0
605.0,587.0
606.0,46.0
606.0,238.0
606.0,718.0
606.0,570.0
606.0,84.0
607.0,0.0
607.0,746.0
609.0,864.0
609.0,544.0
609.0,97.0
609.0,690.0
609.0,801.0
609.0,577.0
609.0,564.0
609.0,878.0
609.0,330.0
609.0,598.0
609.0,625.0
610.0,606.0
610.0,792.0
610.0,531.0
611.0,907.0
611.0,587.0
611.0,731.0
611.0,952.0
611.0,418.0
611.0,375.0
611.0,557.0
611.0,618.0
611.0,812.0
611.0,821.0
611.0,944.0
611.0,914.0
611.0,434.0
612.0,822.0
612.0,605.0
612.0,661.0
612.0,686.0
612.0,31.0
612.0,942.0
612.0,290.0
612.0,114.0
612.0,609.0
613.0,289.0
613.0,759.0
613.0,982.0
613.0,154.0
613.0,904.0
615.0,899.0
615.0,622.0
615.0,598.0
615.0,79.0
616.0,484.0
617.0,784.0
618.0,901.0
618.0,523.0
618.0,854.0
618.0,634.0
618.0,800.0
618.0,930.0
618.0,706.0
620.0,557.0
620.0,822.0
620.0,798.0
620.0,732.0
622.0,707.0
622.0,919.0
622.0,716.0
623.0,907.0
623.0,716.0
623.0,919.0
623.0,917.0
623.0,679.0
623.0,456.0
623.0,812.0
623.0,178.0
623.0,767.0
623.0,391.0
624.0,538.0
624.0,686.0
624.0,661.0
624.0,902.0
624.0,546.0
624.0,898.0
624.0,501.0
624.0,570.0
624.0,716.0
625.0,538.0
626.0,909.0
626.0,793.0
626.0,477.0
627.0,570.0
627.0,742.0
627.0,903.0
627.0,791.0
628.0,898.0
628.0,764.0
628.0,178.0
628.0,185.0
628.0,303.0
628.0,313.0
628.0,459.0
628.0,766.0
628.0,635.0
628.0,542.0
629.0,466.0
629.0,779.0
630.0,382.0
630.0,219.0
630.0,470.0
630.0,852.0
630.0,564.0
630.0,938.0
630.0,377.0
631.0,917.0
631.0,91.0
631.0,909.0
631.0,806.0
631.0,699.0
631.0,978.0
631.0,737.0
631.0,818.0
631.0,816.0
631.0,948.0
631.0,527.0
631.0,799.0
631.0,989.0
631.0,563.0
631.0,920.0
631.0,558.0
631.0,736.0
631.0,601.0
632.0,790.0
633.0,824.0
633.0,949.0
633.0,515.0
634.0,622.0
635.0,902.0
635.0,746.0
635.0,634.0
637.0,937.0
637.0,505.0
637.0,525.0
637.0,587.0
638.0,919.0
638.0,459.0
638.0,699.0
638.0,501.0
638.0,874.0
638.0,904.0
638.0,707.0
638.0,848.0
638.0,937.0
638.0,375.0
638.0,558.0
638.0,692.0
638.0,338.0
638.0,915.0
638.0,598.0
639.0,846.0
640.0,599.0
640.0,136.0
640.0,330.0
640.0,654.0
640.0,929.0
640.0,898.0
640.0,83.0
641.0,105.0
642.0,289.0
642.0,854.0
642.0,652.0
642.0,766.0
642.0,313.0
642.0,669.0
642.0,683.0
642.0,559.0
643.0,825.0
644.0,215.0
644.0,330.0
644.0,951.0
645.0,529.0
645.0,4.0
645.0,821.0
645.0,853.0
645.0,540.0
645.0,17.0
645.0,570.0
645.0,134.0
645.0,723.0
645.0,945.0
646.0,773.0
646.0,713.0
646.0,957.0
646.0,889.0
646.0,932.0
646.0,862.0
646.0,293.0
646.0,501.0
646.0,821.0
646.0,774.0
646.0,731.0
646.0,937.0
646.0,851.0
646.0,782.0
647.0,904.0
647.0,515.0
647.0,623.0
647.0,570.0
647.0,732.0
647.0,136.0
647.0,279.0
647.0,307.0
649.0,634.0
649.0,887.0
649.0,521.0
650.0,378.0
650.0,358.0
650.0,767.0
650.0,467.0
650.0,938.0
650.0,746.0
650.0,541.0
650.0,404.0
651.0,37.0
651.0,326.0
651.0,839.0
651.0,782.0
653.0,713.0
653.0,258.0
653.0,566.0
653.0,649.0
653.0,907.0
653.0,773.0
653.0,154.0
654.0,973.0
654.0,557.0
654.0,759.0
654.0,293.0
655.0,430.0
655.0,940.0
655.0,389.0
655.0,877.0
655.0,152.0
655.0,267.0
656.0,743.0
656.0,932.0
656.0,713.0
656.0,467.0
656.0,767.0
656.0,889.0
658.0,889.0
658.0,617.0
659.0,604.0
659.0,475.0
659.0,54.0
659.0,771.0
659.0,846.0
659.0,103.0
659.0,238.0
659.0,507.0
659.0,406.0
659.0,863.0
659.0,293.0
660.0,789.0
660.0,669.0
660.0,521.0
660.0,330.0
660.0,792.0
660.0,759.0
661.0,771.0
661.0,543.0
661.0,521.0
661.0,918.0
662.0,765.0
662.0,591.0
662.0,797.0
662.0,518.0
663.0,20.0
663.0,859.0
663.0,693.0
663.0,707.0
663.0,391.0
663.0,781.0
663.0,17.0
663.0,531.0
663.0,55.0
663.0,773.0
664.0,477.0
664.0,759.0
664.0,408.0
664.0,704.0
665.0,501.0
665.0,797.0
665.0,898.0
665.0,792.0
665.0,749.0
666.0,712.0
666.0,902.0
666.0,945.0
666.0,978.0
666.0,561.0
666.0,766.0
667.0,889.0
667.0,508.0
668.0,928.0
668.0,530.0
668.0,107.0
668.0,957.0
668.0,171.0
668.0,93.0
668.0,482.0
668.0,492.0
668.0,313.0
668.0,46.0
668.0,232.0
668.0,903.0
668.0,912.0
669.0,544.0
669.0,984.0
670.0,745.0
670.0,458.0
670.0,882.0
671.0,952.0
671.0,330.0
671.0,521.0
671.0,991.0
671.0,847.0
671.0,507.0
671.0,717.0
672.0,314.0
672.0,309.0
672.0,975.0
672.0,638.0
672.0,445.0
672.0,238.0
673.0,681.0
673.0,666.0
673.0,73.0
673.0,2.0
673.0,531.0
674.0,301.0
674.0,345.0
675.0,900.0
675.0,330.0
675.0,543.0
675.0,823.0
675.0,779.0
675.0,719.0
675.0,79.0
676.0,816.0
676.0,858.0
676.0,718.0
677.0,884.0
677.0,855.0
677.0,222.0
677.0,793.0
678.0,347.0
678.0,661.0
679.0,889.0
679.0,523.0
680.0,303.0
680.0,26.0
680.0,367.0
680.0,576.0
680.0,314.0
681.0,857.0
682.0,193.0
683.0,982.0
683.0,932.0
684.0,85.0
684.0,652.0
684.0,557.0
687.0,570.0
687.0,884.0
688.0,444.0
688.0,654.0
688.0,707.0
688.0,658.0
688.0,946.0
688.0,139.0
688.0,800.0
689.0,290.0
689.0,692.0
689.0,937.0
689.0,770.0
689.0,313.0
690.0,669.0
690.0,945.0
690.0,949.0
690.0,789.0
690.0,835.0
691.0,904.0
691.0,290.0
692.0,816.0
692.0,530.0
693.0,295.0
693.0,799.0
695.0,741.0
695.0,518.0
695.0,880.0
695.0,314.0
695.0,598.0
695.0,954.0
697.0,370.0
697.0,45.0
697.0,977.0
697.0,467.0
697.0,574.0
697.0,194.0
698.0,745.0
698.0,652.0
700.0,543.0
701.0,923.0
701.0,492.0
701.0,635.0
701.0,656.0
702.0,167.0
702.0,8.0
703.0,717.0
703.0,577.0
703.0,613.0
704.0,375.0
704.0,687.0
704.0,742.0
704.0,456.0
706.0,731.0
706.0,570.0
706.0,608.0
708.0,627.0
708.0,261.0
708.0,647.0
708.0,439.0
709.0,904.0
709.0,789.0
709.0,649.0
710.0,953.0
710.0,900.0
710.0,518.0
710.0,737.0
710.0,989.0
710.0,686.0
710.0,952.0
710.0,848.0
710.0,311.0
710.0,107.0
710.0,308.0
710.0,947.0
710.0,853.0
710.0,718.0
711.0,901.0
712.0,917.0
713.0,947.0
713.0,706.0
713.0,792.0
713.0,692.0
713.0,509.0
714.0,991.0
714.0,671.0
714.0,367.0
714.0,508.0
715.0,672.0
715.0,920.0
715.0,802.0
717.0,622.0
717.0,937.0
717.0,984.0
717.0,774.0
717.0,930.0
717.0,861.0
717.0,792.0
718.0,79.0
718.0,605.0
718.0,742.0
718.0,689.0
719.0,570.0
719.0,599.0
719.0,171.0
719.0,821.0
719.0,564.0
719.0,916.0
719.0,898.0
719.0,618.0
719.0,314.0
719.0,94.0
719.0,326.0
719.0,704.0
719.0,901.0
719.0,216.0
719.0,330.0
719.0,928.0
720.0,784.0
720.0,314.0
720.0,375.0
720.0,773.0
720.0,737.0
720.0,709.0
720.0,635.0
721.0,725.0
721.0,515.0
721.0,884.0
723.0,952.0
723.0,634.0
723.0,766.0
723.0,716.0
723.0,944.0
723.0,530.0
723.0,608.0
723.0,598.0
724.0,943.0
724.0,858.0
724.0,350.0
724.0,387.0
724.0,864.0
725.0,930.0
725.0,823.0
725.0,507.0
725.0,821.0
725.0,542.0
725.0,598.0
725.0,510.0
725.0,792.0
725.0,618.0
725.0,902.0
725.0,530.0
725.0,657.0
725.0,615.0
725.0,713.0
726.0,582.0
726.0,308.0
726.0,899.0
726.0,356.0
726.0,127.0
726.0,307.0
726.0,996.0
726.0,851.0
726.0,987.0
726.0,706.0
727.0,646.0
727.0,564.0
727.0,205.0
727.0,578.0
728.0,193.0
728.0,598.0
728.0,587.0
728.0,295.0
728.0,765.0
728.0,519.0
728.0,898.0
728.0,687.0
728.0,375.0
728.0,991.0
728.0,798.0
729.0,902.0
729.0,476.0
731.0,79.0
731.0,984.0
732.0,773.0
733.0,286.0
733.0,924.0
734.0,238.0
735.0,864.0
735.0,226.0
736.0,318.0
736.0,854.0
737.0,709.0
738.0,915.0
738.0,864.0
738.0,732.0
738.0,745.0
738.0,539.0
738.0,79.0
739.0,931.0
740.0,303.0
740.0,969.0
740.0,859.0
740.0,879.0
740.0,79.0
740.0,482.0
740.0,928.0
740.0,653.0
740.0,326.0
741.0,899.0
741.0,957.0
741.0,798.0
741.0,649.0
742.0,982.0
742.0,538.0
742.0,588.0
742.0,712.0
742.0,864.0
742.0,544.0
742.0,636.0
742.0,661.0
742.0,937.0
742.0,776.0
743.0,909.0
743.0,635.0
744.0,957.0
744.0,952.0
744.0,771.0
744.0,848.0
744.0,330.0
744.0,289.0
744.0,362.0
744.0,937.0
744.0,692.0
744.0,713.0
744.0,671.0
746.0,508.0
747.0,911.0
747.0,861.0
747.0,652.0
748.0,599.0
750.0,408.0
750.0,957.0
750.0,539.0
750.0,818.0
750.0,117.0
750.0,553.0
750.0,851.0
750.0,301.0
750.0,406.0
751.0,649.0
751.0,519.0
751.0,823.0
751.0,996.0
751.0,289.0
751.0,98.0
751.0,434.0
751.0,330.0
751.0,979.0
751.0,652.0
751.0,608.0
752.0,878.0
752.0,523.0
752.0,711.0
752.0,445.0
752.0,418.0
752.0,668.0
752.0,518.0
752.0,624.0
752.0,740.0
752.0,871.0
752.0,652.0
753.0,661.0
753.0,741.0
753.0,862.0
754.0,553.0
754.0,668.0
754.0,710.0
754.0,834.0
754.0,981.0
754.0,855.0
754.0,765.0
754.0,758.0
755.0,512.0
756.0,247.0
756.0,350.0
757.0,877.0
757.0,203.0
757.0,486.0
757.0,44.0
757.0,538.0
758.0,113.0
759.0,982.0
759.0,657.0
759.0,41.0
759.0,784.0
759.0,501.0
760.0,822.0
760.0,571.0
760.0,827.0
760.0,915.0
760.0,957.0
760.0,861.0
760.0,765.0
760.0,145.0
760.0,193.0
760.0,620.0
761.0,503.0
761.0,207.0
761.0,620.0
762.0,136.0
762.0,887.0
762.0,444.0
762.0,185.0
762.0,661.0
762.0,776.0
762.0,79.0
762.0,700.0
762.0,501.0
763.0,900.0
763.0,587.0
763.0,744.0
763.0,745.0
763.0,594.0
763.0,728.0
763.0,991.0
764.0,907.0
764.0,915.0
765.0,951.0
765.0,567.0
767.0,669.0
767.0,902.0
767.0,543.0
767.0,889.0
767.0,816.0
767.0,984.0
767.0,587.0
768.0,720.0
768.0,591.0
768.0,928.0
768.0,898.0
768.0,661.0
768.0,570.0
768.0,515.0
768.0,902.0
768.0,575.0
768.0,540.0
768.0,996.0
768.0,404.0
768.0,145.0
768.0,658.0
768.0,950.0
768.0,908.0
768.0,589.0
769.0,314.0
769.0,904.0
770.0,932.0
770.0,510.0
770.0,615.0
771.0,899.0
771.0,944.0
771.0,792.0
771.0,574.0
771.0,731.0
772.0,407.0
772.0,145.0
772.0,860.0
773.0,523.0
773.0,884.0
773.0,917.0
773.0,657.0
773.0,990.0
773.0,937.0
773.0,588.0
774.0,828.0
775.0,972.0
776.0,767.0
776.0,947.0
776.0,530.0
776.0,79.0
777.0,408.0
777.0,4.0
777.0,991.0
777.0,531.0
777.0,354.0
777.0,775.0
779.0,919.0
779.0,792.0
779.0,314.0
779.0,510.0
779.0,338.0
779.0,456.0
779.0,518.0
779.0,821.0
779.0,198.0
779.0,527.0
779.0,782.0
780.0,58.0
781.0,816.0
781.0,408.0
781.0,114.0
781.0,634.0
782.0,444.0
783.0,37.0
784.0,800.0
785.0,187.0
785.0,948.0
785.0,128.0
785.0,23.0
785.0,846.0
785.0,54.0
785.0,765.0
786.0,650.0
786.0,98.0
786.0,920.0
787.0,954.0
788.0,762.0
788.0,725.0
788.0,681.0
790.0,179.0
790.0,176.0
790.0,17.0
790.0,330.0
790.0,824.0
790.0,456.0
790.0,519.0
790.0,904.0
790.0,447.0
790.0,333.0
790.0,599.0
790.0,946.0
790.0,699.0
790.0,3.0
791.0,500.0
791.0,899.0
791.0,932.0
791.0,138.0
791.0,902.0
791.0,782.0
791.0,874.0
791.0,563.0
791.0,515.0
791.0,909.0
791.0,951.0
791.0,949.0
792.0,923.0
793.0,745.0
793.0,731.0
794.0,538.0
794.0,918.0
794.0,719.0
794.0,744.0
795.0,263.0
795.0,57.0
795.0,705.0
795.0,768.0
795.0,762.0
796.0,750.0
796.0,842.0
796.0,493.0
796.0,537.0
796.0,160.0
796.0,969.0
798.0,557.0
798.0,789.0
798.0,716.0
798.0,510.0
799.0,501.0
799.0,652.0
799.0,338.0
800.0,508.0
802.0,868.0
802.0,148.0
803.0,42.0
803.0,851.0
803.0,738.0
803.0,559.0
803.0,587.0
803.0,452.0
803.0,713.0
806.0,507.0
806.0,307.0
806.0,136.0
806.0,812.0
807.0,694.0
807.0,57.0
807.0,85.0
807.0,136.0
807.0,425.0
807.0,514.0
807.0,803.0
807.0,602.0
808.0,444.0
808.0,608.0
808.0,253.0
808.0,823.0
808.0,889.0
808.0,459.0
808.0,984.0
809.0,606.0
809.0,198.0
809.0,653.0
809.0,636.0
809.0,675.0
809.0,947.0
809.0,444.0
809.0,646.0
809.0,949.0
810.0,919.0
810.0,537.0
810.0,821.0
811.0,404.0
811.0,486.0
811.0,131.0
811.0,885.0
811.0,654.0
811.0,447.0
811.0,524.0
813.0,569.0
815.0,137.0
816.0,917.0
817.0,311.0
817.0,787.0
817.0,712.0
817.0,27.0
817.0,391.0
818.0,819.0
818.0,509.0
818.0,917.0
818.0,615.0
818.0,952.0
818.0,608.0
819.0,667.0
819.0,779.0
819.0,518.0
819.0,318.0
819.0,799.0
819.0,725.0
819.0,669.0
819.0,577.0
819.0,91.0
819.0,527.0
819.0,154.0
819.0,982.0
819.0,957.0
820.0,792.0
820.0,947.0
820.0,776.0
820.0,982.0
820.0,687.0
821.0,557.0
821.0,509.0
821.0,990.0
821.0,605.0
821.0,899.0
821.0,784.0
822.0,798.0
822.0,136.0
822.0,821.0
822.0,749.0
822.0,617.0
822.0,501.0
823.0,887.0
823.0,982.0
823.0,570.0
823.0,889.0
823.0,917.0
824.0,835.0
824.0,338.0
824.0,418.0
824.0,163.0
824.0,456.0
824.0,874.0
824.0,667.0
824.0,613.0
824.0,901.0
824.0,512.0
824.0,646.0
825.0,375.0
825.0,743.0
825.0,289.0
826.0,653.0
826.0,45.0
826.0,118.0
826.0,745.0
826.0,350.0
827.0,862.0
827.0,636.0
827.0,789.0
827.0,318.0
827.0,642.0
827.0,171.0
828.0,652.0
829.0,232.0
829.0,857.0
829.0,924.0
829.0,453.0
830.0,588.0
830.0,710.0
830.0,176.0
830.0,882.0
830.0,501.0
830.0,719.0
830.0,7.0
830.0,991.0
830.0,829.0
830.0,135.0
831.0,624.0
832.0,340.0
832.0,686.0
832.0,354.0
832.0,792.0
832.0,781.0
832.0,363.0
832.0,333.0
832.0,620.0
832.0,692.0
832.0,114.0
832.0,661.0
834.0,515.0
834.0,313.0
834.0,762.0
834.0,716.0
834.0,732.0
834.0,779.0
834.0,41.0
835.0,902.0
835.0,874.0
835.0,666.0
836.0,148.0
836.0,22.0
836.0,159.0
837.0,446.0
837.0,685.0
839.0,799.0
839.0,540.0
839.0,314.0
839.0,712.0
840.0,913.0
840.0,796.0
840.0,569.0
840.0,699.0
840.0,72.0
841.0,573.0
841.0,829.0
841.0,731.0
841.0,525.0
841.0,600.0
841.0,228.0
841.0,669.0
843.0,660.0
843.0,972.0
843.0,617.0
844.0,509.0
844.0,551.0
844.0,73.0
844.0,57.0
844.0,693.0
844.0,916.0
844.0,458.0
844.0,225.0
844.0,72.0
845.0,448.0
845.0,524.0
845.0,253.0
845.0,832.0
845.0,222.0
846.0,990.0
846.0,812.0
848.0,587.0
849.0,114.0
850.0,890.0
850.0,42.0
850.0,911.0
851.0,947.0
851.0,880.0
851.0,253.0
851.0,456.0
851.0,636.0
851.0,503.0
851.0,923.0
851.0,736.0
854.0,716.0
854.0,773.0
854.0,518.0
854.0,557.0
854.0,823.0
854.0,635.0
854.0,570.0
855.0,821.0
855.0,671.0
855.0,171.0
855.0,117.0
855.0,953.0
855.0,326.0
855.0,613.0
855.0,853.0
855.0,919.0
856.0,599.0
856.0,928.0
856.0,456.0
856.0,904.0
857.0,514.0
858.0,953.0
858.0,179.0
858.0,817.0
858.0,523.0
858.0,625.0
858.0,101.0
858.0,622.0
858.0,690.0
859.0,774.0
859.0,303.0
859.0,884.0
859.0,717.0
859.0,716.0
859.0,771.0
859.0,661.0
859.0,982.0
859.0,861.0
862.0,617.0
862.0,559.0
862.0,258.0
862.0,198.0
862.0,543.0
862.0,290.0
863.0,731.0
863.0,418.0
863.0,991.0
863.0,101.0
863.0,817.0
863.0,457.0
863.0,671.0
863.0,716.0
863.0,766.0
864.0,669.0
864.0,501.0
864.0,692.0
864.0,543.0
864.0,792.0
864.0,902.0
868.0,618.0
868.0,767.0
869.0,851.0
869.0,91.0
869.0,305.0
869.0,457.0
869.0,749.0
869.0,822.0
869.0,117.0
869.0,817.0
869.0,916.0
869.0,737.0
870.0,787.0
870.0,107.0
870.0,171.0
870.0,528.0
870.0,803.0
870.0,261.0
870.0,581.0
871.0,834.0
872.0,285.0
872.0,117.0
872.0,113.0
872.0,260.0
873.0,613.0
873.0,972.0
873.0,222.0
873.0,480.0
873.0,514.0
873.0,638.0
874.0,983.0
874.0,543.0
874.0,879.0
874.0,705.0
874.0,745.0
874.0,793.0
874.0,537.0
874.0,853.0
876.0,521.0
877.0,567.0
877.0,289.0
877.0,587.0
877.0,983.0
877.0,652.0
878.0,683.0
879.0,508.0
879.0,712.0
879.0,932.0
880.0,574.0
880.0,742.0
880.0,800.0
880.0,816.0
880.0,782.0
880.0,876.0
880.0,687.0
880.0,557.0
880.0,608.0
880.0,537.0
880.0,773.0
880.0,635.0
880.0,879.0
881.0,710.0
882.0,839.0
883.0,193.0
884.0,861.0
885.0,46.0
885.0,178.0
885.0,996.0
885.0,766.0
885.0,17.0
885.0,2.0
885.0,532.0
885.0,312.0
885.0,543.0
885.0,263.0
886.0,301.0
886.0,176.0
887.0,800.0
887.0,570.0
888.0,706.0
890.0,232.0
890.0,902.0
892.0,598.0
892.0,191.0
892.0,910.0
892.0,529.0
892.0,139.0
892.0,286.0
892.0,531.0
893.0,307.0
893.0,699.0
893.0,436.0
893.0,624.0
893.0,567.0
894.0,853.0
894.0,562.0
894.0,948.0
894.0,528.0
894.0,887.0
894.0,709.0
894.0,666.0
894.0,923.0
894.0,557.0
895.0,898.0
895.0,856.0
898.0,799.0
898.0,705.0
898.0,889.0
900.0,587.0
900.0,847.0
900.0,501.0
900.0,363.0
900.0,700.0
900.0,657.0
900.0,773.0
900.0,723.0
900.0,954.0
901.0,917.0
901.0,518.0
901.0,731.0
902.0,746.0
902.0,884.0
902.0,969.0
902.0,904.0
903.0,538.0
903.0,679.0
903.0,766.0
903.0,902.0
904.0,972.0
904.0,652.0
905.0,864.0
906.0,260.0
906.0,473.0
906.0,343.0
906.0,718.0
907.0,853.0
907.0,523.0
907.0,773.0
909.0,544.0
910.0,764.0
910.0,853.0
910.0,821.0
910.0,669.0
910.0,731.0
910.0,330.0
910.0,824.0
910.0,26.0
910.0,20.0
911.0,869.0
911.0,27.0
913.0,544.0
913.0,808.0
913.0,577.0
915.0,136.0
915.0,507.0
915.0,501.0
915.0,746.0
915.0,530.0
915.0,887.0
916.0,797.0
916.0,742.0
916.0,649.0
916.0,546.0
916.0,745.0
916.0,930.0
916.0,561.0
916.0,944.0
916.0,657.0
916.0,669.0
916.0,879.0
916.0,314.0
916.0,318.0
916.0,864.0
916.0,459.0
916.0,671.0
918.0,507.0
918.0,716.0
920.0,652.0
920.0,792.0
921.0,777.0
921.0,177.0
922.0,551.0
922.0,692.0
922.0,854.0
922.0,525.0
922.0,98.0
922.0,746.0
922.0,539.0
922.0,515.0
922.0,995.0
922.0,513.0
922.0,205.0
922.0,842.0
922.0,570.0
925.0,521.0
925.0,512.0
925.0,848.0
926.0,664.0
926.0,669.0
926.0,708.0
927.0,60.0
927.0,785.0
927.0,634.0
927.0,853.0
927.0,816.0
928.0,79.0
929.0,135.0
929.0,3.0
929.0,749.0
929.0,618.0
929.0,914.0
930.0,984.0
930.0,41.0
930.0,816.0
930.0,570.0
930.0,574.0
930.0,79.0
931.0,718.0
931.0,924.0
932.0,657.0
932.0,944.0
932.0,860.0
932.0,746.0
932.0,510.0
933.0,548.0
933.0,356.0
933.0,935.0
933.0,578.0
933.0,508.0
933.0,570.0
933.0,305.0
933.0,50.0
934.0,396.0
934.0,523.0
934.0,494.0
934.0,857.0
935.0,749.0
936.0,83.0
936.0,266.0
936.0,169.0
936.0,488.0
937.0,789.0
937.0,904.0
937.0,79.0
937.0,982.0
938.0,559.0
938.0,665.0
938.0,232.0
938.0,286.0
938.0,518.0
938.0,606.0
938.0,664.0
939.0,563.0
939.0,650.0
939.0,160.0
940.0,762.0
940.0,529.0
940.0,949.0
940.0,127.0
940.0,621.0
940.0,376.0
940.0,884.0
940.0,642.0
940.0,615.0
940.0,263.0
941.0,711.0
941.0,762.0
941.0,538.0
941.0,710.0
941.0,554.0
942.0,376.0
942.0,949.0
942.0,688.0
943.0,730.0
943.0,683.0
943.0,740.0
945.0,918.0
945.0,716.0
946.0,613.0
946.0,136.0
946.0,605.0
946.0,326.0
946.0,537.0
946.0,854.0
946.0,928.0
946.0,907.0
946.0,646.0
946.0,896.0
946.0,544.0
946.0,789.0
948.0,899.0
949.0,860.0
949.0,737.0
949.0,907.0
949.0,784.0
949.0,482.0
950.0,914.0
950.0,937.0
950.0,622.0
950.0,578.0
950.0,570.0
950.0,935.0
950.0,928.0
950.0,128.0
950.0,978.0
950.0,543.0
950.0,743.0
951.0,737.0
951.0,154.0
951.0,587.0
951.0,853.0
951.0,847.0
951.0,945.0
951.0,937.0
953.0,918.0
953.0,806.0
953.0,492.0
953.0,713.0
953.0,899.0
953.0,949.0
953.0,924.0
953.0,764.0
953.0,853.0
953.0,624.0
955.0,886.0
955.0,874.0
955.0,650.0
956.0,687.0
956.0,503.0
957.0,773.0
957.0,854.0
958.0,771.0
958.0,696.0
958.0,347.0
960.0,207.0
960.0,685.0
960.0,598.0
960.0,535.0
960.0,717.0
960.0,825.0
961.0,917.0
961.0,764.0
961.0,577.0
961.0,847.0
961.0,222.0
961.0,793.0
961.0,113.0
961.0,528.0
961.0,54.0
961.0,623.0
961.0,20.0
961.0,871.0
962.0,531.0
962.0,608.0
962.0,816.0
962.0,376.0
962.0,505.0
962.0,313.0
962.0,894.0
962.0,538.0
962.0,885.0
963.0,951.0
963.0,699.0
963.0,171.0
963.0,308.0
963.0,665.0
963.0,253.0
963.0,3.0
964.0,940.0
965.0,117.0
965.0,898.0
965.0,594.0
965.0,93.0
965.0,51.0
966.0,570.0
966.0,730.0
967.0,798.0
967.0,983.0
967.0,512.0
967.0,472.0
967.0,776.0
968.0,718.0
968.0,430.0
968.0,923.0
968.0,358.0
968.0,937.0
968.0,466.0
969.0,530.0
969.0,904.0
970.0,476.0
970.0,63.0
970.0,79.0
970.0,576.0
970.0,940.0
970.0,871.0
970.0,301.0
971.0,396.0
971.0,874.0
971.0,766.0
974.0,564.0
974.0,123.0
974.0,358.0
974.0,475.0
974.0,381.0
974.0,176.0
975.0,441.0
975.0,932.0
975.0,190.0
975.0,617.0
976.0,457.0
976.0,608.0
976.0,787.0
976.0,291.0
976.0,596.0
976.0,777.0
976.0,900.0
976.0,49.0
976.0,932.0
976.0,482.0
976.0,367.0
977.0,117.0
977.0,500.0
977.0,459.0
977.0,901.0
977.0,634.0
977.0,846.0
978.0,823.0
978.0,679.0
978.0,902.0
978.0,887.0
978.0,749.0
978.0,773.0
978.0,904.0
979.0,859.0
979.0,561.0
979.0,903.0
979.0,793.0
979.0,932.0
979.0,657.0
980.0,901.0
981.0,27.0
981.0,232.0
981.0,2.0
981.0,251.0
981.0,93.0
981.0,293.0
982.0,574.0
983.0,823.0
983.0,598.0
983.0,907.0
983.0,952.0
983.0,679.0
983.0,649.0
983.0,41.0
983.0,902.0
983.0,570.0
985.0,357.0
986.0,133.0
986.0,962.0
986.0,681.0
986.0,360.0
986.0,989.0
986.0,673.0
987.0,577.0
988.0,567.0
988.0,723.0
988.0,876.0
989.0,851.0
989.0,793.0
989.0,798.0
989.0,679.0
989.0,706.0
989.0,957.0
989.0,661.0
989.0,27.0
990.0,574.0
990.0,984.0
990.0,800.0
991.0,917.0
991.0,887.0
993.0,482.0
993.0,293.0
993.0,492.0
993.0,588.0
993.0,732.0
994.0,571.0
994.0,949.0
994.0,576.0
994.0,542.0
994.0,127.0
994.0,706.0
995.0,98.0
995.0,79.0
996.0,41.0
996.0,989.0
996.0,136.0
996.0,363.0
997.0,198.0
997.0,816.0
997.0,503.0
997.0,649.0
997.0,789.0
